47081.4336,44926.7539,46255.5312,46092.4336,45200.5938,45084.5781,45758.3906,45715.4453,44776.7383,44876.7227,44156.2578,45191.5586,45199.1016,45277.8633,45967.6055,45060.9375,45662.1914,46441.2148,46334.7461,45978.3047,46844.7852,46991.0859,45944.5898,46521.8359,46217.5703,47505.0938,47354.2500,47027.8359,47663.1367,45891.5625,46791.6211,45892.7383,47888.4844,46904.1094,46684.3945,47904.1094,46019.5977,46640.6797,46901.2969,46785.4336,47532.3945,46339.7070,46773.0312,47544.4727,45318.1836,47046.8945,45493.3438,45930.5117,45850.0781,46672.2695,45941.7656,46394.5977,46779.5000,46633.9062,46695.9766,46550.9102,45236.5781,46097.8672,46624.5078,46774.9609,46880.6445,46719.1055,47188.3047,46179.7500,46514.3320,46803.1953,46817.3945,46319.1250,47519.4180,47050.1758,46911.0625,47437.4766,47064.9727,48403.8320,47159.2930,48400.1172,48191.8438,47666.9883,48556.7578,47612.1289,47035.3789
47358.7461,46354.1719,46629.4141,47486.7109,45385.1641,46905.9688,46034.8203,45533.8711,43771.4375,45922.3945,45188.7383,44802.2070,46878.7148,44908.3047,46129.3008,46325.8125,46980.7930,47006.0938,46778.6602,47105.7695,47479.8984,48812.8203,46382.6836,47334.4570,47000.8008,46994.7461,50117.0352,46232.2070,48564.7969,47515.4609,47585.8125,46986.6797,48884.3555,49057.3906,46666.3398,47727.7109,47123.3672,48782.3164,47999.1094,48962.8906,48903.3320,44785.7578,49288.1680,46437.4805,46114.3203,46633.6641,46040.9453,47319.8320,47037.6523,48077.8398,46811.6992,47981.5195,48991.4961,46723.8906,47465.4180,47463.7188,45990.0742,47620.2461,47260.4648,48138.0742,48692.3984,46958.0195,46854.0117,49202.6484,48091.2617,48229.8203,47551.6289,47728.6484,49126.1523,47624.0391,47802.1953,48979.0469,48313.3867,49377.0586,48330.4102,48656.2148,49082.8750,47872.6562,49675.4023,50088.7266,48738.9062
42252.4062,43129.7656,43381.7695,43748.1133,44514.5938,45389.4102,42817.4180,44332.5234,43494.4766,44012.6367,43759.6211,43861.8906,44482.3320,43191.0000,43170.5469,44123.8711,44546.6797,44742.0156,44129.2539,44202.3086,44225.9492,44136.0195,44397.5352,43439.6523,44603.4180,44774.7539,44365.3984,44506.1992,44039.9141,44181.9102,45177.6484,44110.5273,44429.8594,44456.3750,44624.9766,43931.2930,43755.5312,43836.3555,45318.6914,44388.5977,44218.6367,44325.4766,44279.1328,44473.7031,44614.4844,44387.5273,43992.3477,43702.7969,43887.4570,44769.8164,44674.5234,44362.1953,44654.1836,44355.8516,44233.2383,44152.5000,44340.6406,43935.1211,43978.1289,44046.6602,45272.4414,44235.8086,44195.0781,44374.3359,44830.4727,44690.1641,43829.1445,44225.9648,44664.2461,44942.1133,44742.9609,44814.6211,43642.3906,44660.8086,44762.5000,44538.3125,45431.7773,44348.0234,43788.7305,45411.9258,45143.6211
44103.2969,43321.3398,43711.9258,43674.8711,41166.9570,41331.2539,42841.8945,41839.5938,40008.1055,41401.6602,40013.3555,42206.6328,41349.7188,42285.1758,42039.7539,41416.3828,41735.1836,42911.7969,43399.7969,44312.9141,44370.4297,45152.6367,42879.7773,43941.8633,43564.1328,45454.4648,46141.2070,44369.0859,44775.4453,43231.4844,43321.9023,43693.2188,46852.9492,44481.6055,43158.1328,44603.3242,43265.0352,44431.9609,44620.9961,43935.6172,46685.9727,44144.2266,45044.4609,43118.6875,42737.3828,43754.8750,42972.6680,43906.4336,43156.2266,44998.3086,43084.7148,44234.1484,44022.8633,44026.2070,43933.7109,44055.7461,42461.1914,43975.4727,43424.2070,45095.8789,45115.6328,43986.6914,44145.1797,45301.0078,44825.8086,44248.0586,45782.3945,43961.8125,46476.1016,43740.5781,43812.0195,47251.9492,45215.2930,46762.1602,45475.5586,45839.4141,46072.2070,46188.5625,47650.2344,46169.7891,46177.0625
43169.0273,44394.8203,45240.7500,45188.0703,44782.4766,44905.3203,45471.8359,45460.5312,43163.9141,45693.5469,43685.7656,45813.6914,44965.6094,45014.4375,45005.9141,45226.5977,45226.8555,45074.5977,45853.8242,45802.0781,46346.5156,46172.7656,45272.2930,45112.6953,46433.3945,47338.6875,45137.1602,45466.2109,45030.5859,44323.1172,46444.2070,44720.5234,46475.3984,45611.5273,46614.5820,44827.8945,45033.8320,45527.4297,46999.2109,45425.3789,45947.5000,46577.1875,44352.9766,45932.5547,46276.9453,45813.5977,44816.4375,45940.4922,45011.7070,46481.1406,45338.0273,44915.7969,44458.2617,45919.4023,45178.5859,46152.4102,45818.9062,45961.3242,45984.3828,45437.4805,46558.9062,45888.2266,45970.6680,44780.6172,45224.8320,45813.8086,45759.1367,45328.7539,46847.9375,45126.4727,46121.5781,45146.3164,44584.3750,45477.9883,46093.9336,45546.4531,45123.5312,45169.4844,44909.8867,46694.5547,47367.1992
42564.1797,45153.4453,44801.6641,46058.9453,42962.1719,43916.3398,44555.0742,43479.8125,40817.8008,44537.3203,41917.1211,43829.0117,43379.2969,43994.7227,43332.4297,43960.8281,44269.2969,43732.6484,44636.1133,45688.6406,46068.8828,46763.8047,44007.9844,44954.0117,45225.0586,46253.5430,47066.2070,43883.9453,44551.7930,44413.3398,44946.0039,44802.4023,46778.7070,46323.1797,45144.4844,44193.5820,45126.4883,46648.6641,47157.8516,45290.3828,46520.8203,44418.2539,45799.9727,43385.0664,44917.9766,44217.6094,44211.5391,46348.4414,44591.2969,46710.5938,44638.3164,45199.8750,44774.0352,45224.7383,44859.4805,45979.0352,44655.2578,46612.7891,45214.2305,46350.6562,47522.0312,45241.7461,44498.5625,46676.3984,45538.6250,45718.8828,46696.6367,45062.8984,47755.2461,44221.0859,45759.4414,46923.7188,45474.9648,45641.4062,46088.3320,45027.1836,45684.8945,45442.2578,46761.3086,47778.5117,48643.5430
44721.0781,43180.6523,44529.4727,45023.3750,42941.6211,43603.6211,44999.5586,43258.5469,41938.2539,44512.2773,42491.4180,43381.9844,44317.3984,44121.9258,44585.0352,44125.5312,44789.4805,43911.7383,44396.2969,45002.0312,45080.0547,46569.1680,43670.1367,44752.9883,44764.6914,44190.4062,46406.6602,43843.0273,45094.2227,43917.7344,44921.2578,43854.7266,45595.6484,46111.8242,44599.3945,44944.2969,44411.2578,45481.8086,45249.4844,45849.8555,46745.7812,43072.2695,45673.5938,44607.7344,43862.8672,43739.5430,43098.3438,45217.8867,44473.8164,45107.4258,44230.9570,44062.5703,44917.1836,44089.3125,44440.4805,44812.1094,43509.0703,45352.6133,44313.4062,44779.5234,45221.1484,44797.0547,44091.3203,45411.9336,45051.2383,45247.1602,44959.8555,44491.1289,46981.1172,43837.2617,44908.7969,44882.2344,44275.6992,45428.6094,46056.6562,45394.2773,45413.6758,44537.5625,45785.1602,46691.5195,46072.3633
43145.7656,43534.8945,44089.0938,43625.0977,45079.5430,46135.1523,43540.1211,45525.7656,42837.0039,44428.6680,44667.9102,43987.2266,45778.4336,41521.8945,44284.5312,44876.9102,44819.8359,45779.3555,45412.9414,43565.3477,45159.9375,44494.2148,45045.3672,44398.4688,45733.4141,46504.9688,44134.6836,43951.2422,46104.8320,45052.4844,46570.0234,44133.1562,45758.4180,44990.8984,45827.3008,44565.7578,44700.4453,45652.9688,45523.3477,46239.3203,43014.5742,44138.6289,43644.7930,45350.1445,45258.4336,45810.1914,44325.0977,43893.6055,44379.6797,45509.8281,44336.6250,45539.7109,45843.4492,45176.2891,45084.1836,45637.4062,45308.9883,44387.9336,46523.0938,44712.2031,45835.7383,44304.2969,46118.2539,43875.9648,43771.4336,45247.7656,43275.3789,45467.6836,43976.2539,46349.4375,45925.0273,43375.1797,44943.4102,45959.8047,43726.4219,45173.8242,44360.8711,43887.8945,43755.0859,45487.5273,44766.4922
46126.3477,44462.8398,44679.3242,44924.8867,45294.9375,46490.9453,43405.6992,44714.8672,44932.8242,43850.1875,44956.1953,44002.0156,46076.5508,43934.9727,44105.6055,44838.1914,45450.3633,46385.4023,45285.0039,45771.4844,45157.0938,46047.7227,45661.3086,44905.7969,44893.2070,44939.6992,47746.0000,46673.0508,46829.0703,46436.1523,46279.2383,46108.4414,46601.5312,46434.8750,44581.5625,46728.9414,45036.9883,45097.5664,46069.4961,46115.3008,47489.1016,44615.9453,47898.4062,45889.3398,44675.1992,45541.4766,45183.4414,44326.0078,45510.9570,46044.9297,46106.3242,46805.4375,47566.0195,45127.9023,45950.6445,44826.1875,44467.9922,44605.7188,44867.4062,46134.1484,46182.8203,45684.4219,45353.2500,47546.3086,47629.9492,46409.5117,45413.8633,46089.6328,46556.5898,46801.5625,45796.9453,48860.7852,46090.1289,48341.3750,47350.1719,48016.3711,49433.3359,47721.2422,47904.2773,47798.1289,45826.8047
41729.0117,43443.6055,44125.4688,44980.3008,45482.7930,45502.3242,43482.6133,45373.1211,44903.0781,44081.1914,44111.4844,43821.2266,44611.1367,42955.5430,44541.9102,45121.3242,45214.5977,44905.1875,45512.7461,43451.5781,45368.3789,44119.1875,44700.3203,44458.3516,44438.0000,45888.1406,44540.5625,44083.0859,44836.3672,44019.1875,45804.6328,44392.9375,44244.7578,44654.4805,45786.6328,44442.2656,45015.6875,44933.6484,45860.3242,43783.3242,42146.9219,43359.4961,43455.9727,45798.9648,44217.8945,45853.4570,44059.9609,43855.2656,44014.8789,44471.8711,44321.9570,44823.0391,44592.4570,44678.9453,44176.9648,45597.2695,44955.0078,44428.9609,46440.2266,45799.0586,45559.3789,44350.9258,45170.5977,43947.2812,43659.9336,46246.4336,43676.9609,44251.1445,43378.0820,45596.1602,44553.0547,43156.7773,44900.6133,43889.6172,43960.2109,45330.8867,44504.4805,44388.8867,43990.8477,44979.0977,44812.0156
43121.0039,44293.3398,45685.9492,44249.3047,45363.2891,45315.5352,44378.9062,44584.9570,43225.3750,44111.3516,44970.4766,44290.8516,44995.4531,42472.1758,44699.8867,44595.7500,43693.7227,44847.9297,45099.9062,44342.4922,45210.3984,44546.1641,44430.9883,44418.0117,44456.1992,44915.5156,44101.6094,43730.8164,45929.0547,44268.3516,45206.0391,43850.5703,46146.0469,44310.6914,44380.1445,44699.5820,43228.4258,43804.0703,45008.0586,43914.4180,43743.6875,43200.5859,43041.2422,43530.4609,43351.5742,43714.2422,43825.6836,43408.9766,44308.1953,46614.7305,43169.3984,46075.4141,44286.2852,44184.0312,44295.4453,44352.0625,43895.0977,43527.8711,46237.7891,44177.3242,45607.8477,44285.1133,45361.6680,44095.5078,44201.6289,44327.4297,44109.5547,44624.3008,43673.5312,44159.0664,45394.7070,44081.2656,43679.5391,47316.2148,44008.8359,45406.3633,44389.8125,44242.0430,43627.9570,44606.7578,45126.1758
41925.5039,43186.3203,45093.7891,45730.8984,46160.6211,45500.0508,44514.5820,45067.9648,46855.5664,44656.7305,44224.9922,44261.4844,44027.5586,44305.6133,44505.5312,44618.2969,45228.5977,44392.7852,45218.9570,44382.9961,44922.7227,44220.9922,44343.4258,44312.9688,44225.8828,44421.1562,44392.4023,44336.2461,44423.1484,43943.4062,44607.1992,44705.0039,44011.8945,44180.0117,44864.6367,44184.1055,45035.0625,43905.0352,44889.3555,43221.5781,43283.3125,42968.5664,43409.2422,45240.5586,43364.5859,44352.6992,44258.2773,43759.6992,43903.8867,44528.7227,44240.6797,44177.5625,43885.0781,44488.0703,43709.9883,45133.2109,44740.1094,44525.5664,45085.5664,45619.7891,44912.6562,44103.6797,44028.6016,44448.0078,44160.7461,45703.6094,44155.5547,43350.1602,43816.0820,44617.5352,43115.5156,42908.0430,43873.3203,43765.4883,44437.5156,44570.6367,44682.7695,44461.7266,43485.2734,43910.6602,44952.0547
41986.1836,43668.3945,44534.3711,45669.6172,44340.2070,44305.2305,43982.3242,43945.6133,43626.8438,44355.4961,43355.3008,43886.2500,43260.2852,44493.2500,44581.9531,44651.0469,44938.7344,44034.0898,44351.1953,44468.2617,45173.6562,44667.5391,43999.0977,44676.9648,44424.5469,44727.9180,45388.4453,43919.8438,43986.3398,43243.8555,44638.3477,43900.0391,44527.1758,45055.2812,45153.5039,44140.4453,43696.3320,44217.0000,45705.8594,43600.2422,44056.3945,43252.6016,44062.3086,44339.4062,43707.3711,44184.9453,43747.8086,44819.4297,43985.9297,45159.1094,44157.5312,44155.3438,43775.1133,44218.0547,43872.5547,44519.6094,44052.0977,44568.8125,44665.4570,44664.6680,45927.0195,44365.6328,43951.7695,44429.7422,44516.7461,45515.1289,44957.2656,43620.3789,44940.3867,44077.0664,44531.4102,43786.5703,44082.1562,44104.5000,44824.7305,44678.2266,44360.2617,43887.1875,44123.2695,45578.6523,46310.5859
43324.7461,43916.6016,45425.2344,45050.9492,45836.8086,45640.8320,45024.8320,44780.6797,45865.0469,45283.3320,44507.8945,45375.2109,44702.7383,45857.5898,44571.3242,44637.3164,45080.9258,44875.5664,44715.4102,45963.7305,44845.0859,45348.9180,44849.0703,44255.4727,44944.5039,44348.2656,44782.3125,45667.4766,44124.7969,44199.7500,44783.6602,44833.4141,45040.2812,44709.8828,44660.6758,44983.9570,44015.7383,43166.0664,45477.0625,43771.2969,46265.2148,45224.3477,44673.9102,44573.0156,44486.1719,43672.2695,44428.1875,44271.1133,44712.1445,45589.6875,45158.2539,44398.8555,44104.1641,44698.7852,44517.1953,44166.1328,44349.4180,44559.5703,43525.7383,44248.8594,45428.3867,45212.4844,44261.9570,45077.7383,46100.3477,44904.8945,45536.9844,44045.2461,46025.1836,44011.7578,44544.3906,45827.8125,43122.7695,45423.5859,46404.4180,45000.5391,46562.0234,45570.2227,44242.5742,45104.0859,46172.7383
43525.5938,42372.3984,43915.3438,44601.0781,45045.3984,44607.9453,43310.6953,44817.6445,45948.3594,43649.5391,43591.7266,43981.3945,43733.0234,44078.4258,43839.9688,43872.5156,44831.9258,44834.9180,44680.0547,43935.2500,44547.4102,43648.5117,44442.5586,43883.2070,44083.6953,44828.5312,44369.0156,45604.7852,44891.9258,44184.3047,45117.7500,44479.6562,44111.5156,44141.4453,44974.0508,45034.0820,44513.4375,43598.6094,44818.0156,43829.0352,44032.3125,44304.3711,44151.5234,46771.7578,43591.6211,45410.0000,44396.1992,43606.5039,43655.5156,44109.6094,44691.8633,44144.1953,44406.7148,44778.2969,44195.0156,44568.8828,44346.0547,43865.2891,44662.0859,45038.3672,44271.3047,44515.7383,44469.7969,43913.9570,44448.5898,45113.0703,43645.2422,43705.9297,44020.0820,45696.4531,43957.6992,43906.7617,44183.5312,44616.6367,44610.1641,45720.6523,45788.7930,45049.0156,44656.7656,44590.6367,44182.5742
42687.5117,42860.8945,44583.8555,44596.7773,45311.2109,45606.8945,44373.3828,44803.7617,44635.7539,45090.0664,44370.3555,44359.8594,44554.8047,43657.6055,44494.0273,44560.2773,45193.2852,44851.5352,44661.9727,44457.7852,44531.1445,44405.2461,44420.4648,44262.6133,45452.2617,44639.8320,44113.5156,44062.5859,44702.9922,44116.7500,45068.3789,44017.4180,44721.0625,44573.6133,45080.2344,43863.7812,44158.5898,44152.5898,44554.9961,45203.2227,44052.4336,43610.0547,43535.3281,44766.5430,44411.6328,44143.5000,44164.8516,44113.0781,44063.8633,44980.6250,44339.9453,43970.2891,44527.3164,44599.6562,44164.0547,44722.5391,44864.4414,44371.3281,44347.5586,44009.3047,45071.2578,43887.6094,44303.2227,44006.6836,44251.4688,44909.8711,43833.3711,43962.4648,44565.4531,44862.0352,44092.4375,42501.2109,43512.5352,44527.4531,44375.8359,43936.5156,43968.0859,43301.2617,42711.0391,44543.5859,45137.5156
41655.6172,44124.8203,45318.6016,45735.0859,45500.7891,45183.4570,44445.8867,44566.4023,44962.4883,44848.3594,43970.7070,44484.3047,43144.1055,44706.4336,44384.2266,44320.1250,44746.0859,44383.1133,44314.5781,44712.7227,45017.5156,44312.1875,44267.0273,44590.8672,44768.6523,44936.4297,44404.6953,44096.2773,43920.4297,43656.9414,44186.0742,44245.8867,44757.7148,44455.2227,45067.6680,44179.4883,43893.7656,43903.3086,45454.3555,43441.1211,43731.0352,43886.5039,43361.3047,43690.4258,43779.5078,43737.8516,44323.6875,44436.0586,44000.4492,45568.1523,44173.0586,44247.4609,43618.6055,44767.6172,44152.9258,44581.9297,44401.7891,44626.4453,44311.1094,44366.2266,46236.0234,44273.9453,44171.5078,44184.7812,44486.5039,44875.1680,45385.6250,43458.7031,44664.6680,44157.3672,44460.9180,43797.8867,43796.2383,44476.3047,44414.6758,43871.6094,44518.9727,44028.9414,43456.9453,44421.9531,46501.4180
42421.3789,43912.6211,45402.2891,44947.6133,46506.5312,46234.3086,44541.1680,45044.7734,46626.7656,44679.4922,44757.6641,44255.7305,44460.5664,44357.5898,44624.0078,44479.8945,44888.3945,44899.5430,44601.8633,44417.7617,44472.5547,44481.6914,44560.8398,44271.4688,44209.8906,44158.7539,43998.8008,44270.0195,44169.7227,44048.9688,44215.6914,44522.8008,44226.1523,44187.6289,44481.8242,45014.0547,44285.9844,43501.4219,44877.2461,43215.3203,43580.0898,43448.7852,43570.0586,43726.0703,43434.6719,43571.1133,43891.2188,43038.2070,44265.1953,44638.2812,44254.2500,44331.8359,44244.9375,44307.4922,44303.3594,44274.8828,43903.2891,44050.3086,44023.6797,44281.2852,45462.3477,44277.6445,44405.7422,44196.4336,44671.9219,44973.3711,44860.5625,43556.1328,44081.7188,44175.3555,44052.4375,44449.3594,43618.8203,44692.9219,44732.6250,44319.5586,45881.1094,44979.5391,43569.3320,43599.2617,45058.6953
44332.7227,42420.4492,45448.0898,45204.9141,44950.1523,44622.6406,45860.9141,44305.6797,45532.2461,45386.5547,43457.7383,44245.4609,43944.8750,44760.5938,44564.6172,43597.2070,44997.2344,44177.7188,44416.1445,44973.4531,44388.7070,45318.9414,43781.4805,44366.5859,45073.1836,43600.7461,44305.0742,44184.6602,44930.9727,44155.9297,44079.7109,44115.2500,44823.3984,44653.8633,44419.9453,44582.9961,44867.9492,44326.6367,43790.0078,45510.4531,45730.2031,43270.5625,43987.5156,44957.6055,43401.6211,43141.4648,43893.7070,44335.6875,44009.2188,44692.0352,44129.0820,43183.8789,44212.0938,44622.9570,44173.9102,44790.6445,44188.7383,45074.5352,43517.4375,44196.2109,44257.0469,44146.6016,43742.8242,44326.0977,44303.1328,44281.8867,44400.4883,43433.5469,45728.2930,44033.6250,43409.1562,42643.5391,43149.8477,44737.2461,44947.8086,43863.7930,44672.9805,43835.3125,43671.9648,43931.2695,45069.4883
45704.8320,44188.0078,46762.9961,47038.1055,46047.8516,46041.2812,46740.8789,45266.4844,46234.7734,46321.1953,44924.1914,45091.9180,45435.3047,45630.1055,45892.5000,45261.0781,46413.3711,45529.3320,45903.1133,46401.1172,46034.2539,46916.2500,45111.3281,45980.8906,46101.6289,44744.4805,46864.6523,45311.1562,46770.1445,45786.9648,45645.9531,45708.9961,46544.1211,46586.5586,45554.4961,45969.7188,46179.5820,46067.5391,45507.9648,46877.5273,47211.9805,43689.8750,46152.2344,46052.1836,44413.2266,44527.5352,45247.7656,45911.7852,45539.0625,46511.1055,45421.6992,45393.4023,46111.3945,45706.4648,45517.9336,46204.9336,45392.5039,46436.5664,45481.2266,46262.5312,46087.6055,45474.4180,44964.0820,46661.9961,46102.2500,46265.3633,45847.2656,45130.7969,47097.4453,45565.4180,44935.9688,44664.0547,45151.5430,46729.5703,46533.5703,45948.8516,46328.3281,45463.0547,45824.0352,46252.3828,46765.4531
46612.7227,44588.3945,45878.6836,45919.8477,43862.4375,44559.4688,45487.0195,44106.1250,42754.6406,44424.8789,43162.6680,43628.8086,44696.7656,43647.1484,44695.6992,44000.2852,44796.1562,45185.5938,45367.8672,45678.5625,45999.2031,47297.0352,44615.3984,45888.8984,45556.2109,45746.4414,47777.2812,44940.1211,47412.7070,45849.5586,45527.0391,45355.5234,47879.0938,46932.5938,45007.2344,46515.7578,45832.4336,47104.1914,45796.4922,47361.3398,47744.5938,43802.4766,46974.1367,45166.9961,44138.3672,44900.0664,44567.3438,45668.4219,45277.8906,46605.2852,44793.9961,46071.5898,46818.9414,45566.2305,45928.8359,46156.4375,44374.3359,46206.0742,45732.7891,46575.8242,46554.8867,45450.3828,45634.4219,47055.9102,46017.7070,45982.5703,46270.8516,45881.6719,47691.5391,45784.8828,45843.5547,46906.0508,46565.7852,48310.6602,46515.9570,46981.6055,47224.6992,46520.2891,48228.7305,47486.7539,46969.5312
45046.8516,45022.0352,47588.2188,47304.5664,48039.6250,47818.0547,47671.3164,47197.7930,47888.3555,48028.3984,46729.6484,47245.6133,46857.3984,46923.6289,47025.3359,46805.3203,47566.1680,46833.4609,47091.9570,47335.9102,46915.1836,47029.3203,46585.1953,46466.9102,47705.8594,46407.1875,46024.6680,46533.6680,46794.6992,46272.6680,47057.6797,46381.3945,46902.1719,46638.7617,47197.2070,46145.3320,46621.1914,45996.9102,46687.0039,47110.9766,46986.9922,46029.4336,45519.2539,47153.2539,46447.8086,45776.4766,46478.6367,46540.0938,46396.3438,47491.8906,46599.2383,45931.4219,46149.7930,46913.3359,46248.6836,47007.7305,47150.3711,46957.5508,46419.4766,46249.6055,46998.7266,46426.6289,46270.3125,46275.2656,46628.6953,46852.2031,46322.3320,45870.1641,47226.7539,46434.9258,46021.8203,44504.3242,44961.4219,46702.4180,46988.6289,45955.3008,46254.9805,45616.6680,44606.5742,46298.8594,47576.2109
45166.5430,45082.6133,45593.6328,46093.9414,43503.5000,43482.0625,44878.5195,44117.0898,42071.3984,43827.6562,42768.9102,44151.3398,43760.3555,44560.6797,45456.7148,44758.2188,44643.5430,44917.1719,45572.8750,45511.1055,46735.1914,46777.4688,44853.8633,46300.6016,45267.1914,47060.6211,47835.8008,45480.0977,46404.3086,44324.5859,45850.4180,44886.8828,47597.6484,46719.8164,45979.8320,46528.6992,44661.3398,46224.5586,47007.6172,45244.7930,46823.8828,44942.8789,46196.8906,45559.7656,44466.5625,46024.6367,44310.2852,46009.3711,45179.3594,46594.5469,44763.6133,45982.3320,45479.3203,45391.3281,45500.6875,45840.5508,44226.5039,45607.5547,46367.5117,46509.3242,47161.6602,45939.4531,46145.9492,46096.5078,45937.4102,46794.0078,46980.2656,45580.6016,47246.5430,45362.7812,46311.1562,47195.8359,46746.9922,47431.5312,46747.8047,47768.4297,46665.2617,46721.1445,48253.6992,48035.5820,47718.4570
45008.7422,45140.1602,45350.9336,45427.4375,45143.1172,45070.7500,44294.0898,45405.0977,44524.0625,44135.5625,43906.1641,45160.5586,44331.2930,45324.8281,45102.9688,44861.5898,45091.8320,46137.3164,45587.6523,45674.1367,46285.8008,45869.0586,45892.9727,45796.6680,45662.2852,47626.9336,46684.5703,47123.9023,45955.9062,44980.2812,46232.1406,45598.6328,47040.6484,46030.5391,46397.8203,47093.1172,44799.9805,45238.5469,47218.1562,44893.3555,46522.9453,47043.9609,46109.5938,46394.2500,45480.3867,46827.3125,45291.6602,45240.7539,45358.8281,46235.2344,45938.7422,45985.8164,45823.1641,46182.0430,46138.3906,45544.0508,44895.2344,45135.4180,45533.1758,45980.9727,47183.6016,46379.3398,46693.0391,45621.8281,46652.4727,46555.7773,47016.4180,45686.1875,46807.3398,46519.1523,46619.7305,48230.8359,46510.6172,47354.0625,46986.1055,47737.5000,48219.6250,47690.6016,47784.0977,47297.8242,47268.0625
46064.8750,44497.7148,44961.6797,44392.2930,44915.6523,45595.4180,44408.5742,45189.2227,44315.0078,44364.3359,43865.8516,44775.6289,45202.4453,44653.4414,44301.1992,44155.8906,44937.2891,46243.6836,45114.4141,45694.5898,45392.5859,46271.8438,45666.0156,45055.3711,45784.3242,46633.1289,46241.7578,46868.2578,46127.8359,45718.3477,46035.9727,45571.0469,46974.0938,45998.4258,45554.3359,47054.6133,45155.3828,45431.2109,46341.3203,46274.2812,47496.5625,46839.6016,46645.3477,45965.4414,45590.4375,45930.9297,45032.0039,44674.1758,45359.4141,45813.2188,46043.2969,45613.0469,46586.3516,46025.5859,46388.3477,45269.3984,44638.0977,45206.8242,44413.9414,45305.9297,46415.8828,46131.3867,46310.4648,45893.8711,46797.0234,45605.3867,46339.5508,45900.4180,47367.1914,46462.9375,46469.3945,48544.4688,45886.1289,47744.6016,47117.3125,47094.9688,48911.4648,47634.9688,47643.4023,46989.7188,46453.8945
45974.6562,45387.3008,46297.0547,46628.8516,46515.9258,47200.8633,45203.9805,46161.8281,45539.5156,45528.7461,46049.4492,45176.8086,46562.7422,44447.1445,45870.3164,46173.3086,46557.6953,47049.2617,46666.1094,46083.9688,46786.7266,46585.2812,46356.1992,46384.9805,46368.2930,46614.6289,47732.1758,46344.6133,48047.7227,46913.7266,47362.5859,46434.5859,47545.9492,47195.3008,46468.4492,46978.1875,46202.6445,46764.6523,47013.8438,47222.0156,46495.8555,44787.7344,47040.7188,46938.7227,45466.0078,46657.5938,46146.0508,45855.0547,46163.1133,47451.2383,46192.9219,47581.6758,47711.3008,46410.5156,46601.0859,46651.1250,46054.3906,46027.6016,47364.6328,47119.3867,47454.3828,46206.3008,46683.6250,47230.1055,46857.5195,47274.9102,45900.3867,46719.7773,46477.2070,47642.3359,46902.2148,46747.0391,46935.1367,48533.3984,46630.2461,47965.2461,47731.1602,46788.8242,47260.8320,47873.3438,46961.6719
44318.6055,43576.9727,44986.0977,46482.3008,45712.9141,46128.4414,44318.5859,44912.7578,46559.3203,44979.1719,44378.4922,44368.0469,44561.3672,44866.5781,44038.0156,44602.7383,46145.0859,45440.5312,45282.6406,45832.5859,45185.8008,45387.5039,45061.4297,44957.1328,45413.3867,44701.8086,46995.3281,45943.2188,45873.0898,45853.5078,45440.4375,46077.3047,45581.3750,45890.0039,45058.5234,45021.6836,45960.7695,45278.4141,45443.6328,46003.9102,46429.0977,43894.5352,46539.6602,46338.1484,44470.8516,45148.8711,45700.5000,45249.4180,44777.8281,45612.6172,45910.9492,45227.3984,46263.6133,45562.4805,45029.7734,45709.7305,45620.5664,45636.2734,44590.0781,46668.6172,45813.2344,44855.0859,44112.4180,47053.5820,46419.9219,46492.3125,45158.0547,44745.1289,46243.3672,46524.5664,43923.4531,45416.1953,45466.4219,45729.9688,46267.8125,45903.4531,46927.3477,45836.1250,45969.8672,46469.9453,46281.7266
45236.5352,44106.2852,45389.6953,44830.6719,43318.4375,42978.4766,45083.7344,43790.4180,42420.9844,43710.6641,42152.8867,44191.2188,43256.8945,44582.5508,44719.3633,43517.7109,43746.0430,44391.6211,44772.9336,45321.6133,45634.4609,46283.8320,44290.3594,45307.9375,45011.7305,46252.3359,46080.7109,45403.8477,45537.3516,43779.5312,44787.3398,44277.0000,47055.2930,45496.0859,45063.6094,46150.4023,44117.5234,44988.6289,45688.4844,44813.3945,47077.5938,45449.4844,45168.0586,44871.4219,44066.9453,44819.9219,43736.1953,44944.1875,44559.1367,45728.7578,44260.2383,44651.3828,44515.1367,45048.5859,45056.0039,44962.1328,43556.3750,44971.4492,44618.5000,45090.4805,45854.0977,45429.9102,45586.2188,44961.7578,45423.5430,45224.0820,46541.2852,44721.4023,47120.6055,44363.7500,45360.3398,46698.6602,45263.8633,46990.1367,46412.3203,46524.3281,46483.1133,46398.0078,47171.1016,46344.3711,46750.0742
42595.3242,45294.4727,44441.8242,46127.8555,46044.8594,47245.2891,43852.1211,46568.5273,44602.4766,45632.8633,44972.5156,45426.4375,45912.0234,44520.5234,44852.8125,46465.6680,46886.8594,46669.6680,46445.5312,45554.4922,46757.8828,45862.2539,46531.9336,45699.3086,46881.5195,48362.8594,46886.2852,46172.5547,45577.7031,45886.3594,47742.3945,46215.2305,46202.8555,46797.1523,47696.8086,45315.2969,46381.9258,46985.4688,48398.1562,46338.7227,44802.4688,46468.5977,46177.2773,46968.5703,47408.4570,47855.3203,46143.2852,46289.2148,45665.1680,46375.6016,46947.5508,46284.5586,46796.0977,46762.7852,46190.2188,47153.0078,47149.8086,46488.3789,46890.5508,47169.3242,48207.3945,46123.2031,46527.9492,46373.3750,46284.8594,47947.6602,45912.0742,46396.7344,46439.9766,47829.5195,46851.5117,46474.0000,46893.7656,45230.3398,46339.9648,46500.7070,46755.8672,46159.2031,46093.3125,48277.0156,47831.8828
44034.0312,44359.8594,44904.7734,46826.1328,46029.4922,46668.9922,44155.3906,45266.9844,46482.4883,45374.4648,45116.0312,45151.5469,45383.0391,46029.3008,44915.3008,46005.4531,47015.4766,46014.7930,45760.5625,46582.9375,45846.9688,45932.6641,45876.6289,45461.2578,45799.2070,45293.6953,48025.2969,46834.7383,45530.5781,45705.3828,46426.1406,46423.3984,45643.7969,46681.7734,45881.1562,45401.7773,45570.6953,45092.5234,46810.1719,45607.8398,47039.8164,44905.3945,47420.2930,46814.2031,45566.7344,46001.1367,45939.8555,45935.8164,45537.3945,46063.8398,46877.3477,45786.4375,46501.2656,45599.2891,45335.1758,45625.2188,45969.6484,45702.0039,44897.6875,46827.6836,46701.2070,45735.4336,44529.7305,47632.1484,47644.2734,47658.5508,45899.7383,45344.1406,46916.2344,46698.4141,44867.1406,46814.4961,45755.6016,45693.7305,47601.0234,46922.3516,47729.4297,46521.2266,46397.2344,47993.1719,47236.5586
47574.1602,43689.7852,43944.6211,45019.8047,43051.5820,43280.8359,43819.0547,45235.5078,43696.1406,43155.7109,41226.7578,44592.4180,43427.6367,44812.6367,43417.6523,43064.4609,44866.4102,46173.4688,45907.4414,45810.3359,46345.4258,46515.4492,45875.2617,45714.8164,46508.3203,49517.8438,47974.3750,49014.0820,47248.8828,46127.8945,46918.5234,46519.6328,48268.4961,46615.7812,46931.8086,47685.9609,47026.9805,47289.4492,47113.9336,47600.0781,49042.2891,49062.6641,48045.0508,49656.6484,46548.6211,49201.1719,46227.1445,46294.6211,45015.4766,45357.6211,47091.5273,45369.6602,47287.7656,47759.5508,46968.8633,47233.8633,45978.3320,46515.0742,45413.7969,48078.6328,46307.3828,46895.9219,47248.3047,46715.2461,46968.6914,47106.3320,47044.9844,46537.9258,49005.2188,48921.1875,46086.0859,49464.4609,48592.2969,47702.9727,47961.3398,49140.6289,49707.4805,49420.1055,51093.8086,48877.1836,47174.3984
44412.1953,43721.4453,45923.2188,46642.2891,47134.8047,46947.9141,45828.6289,46496.3281,48102.3594,46158.5820,45300.0430,45309.6602,45739.5273,45234.9531,45432.1289,45503.9531,46848.2930,46046.8945,46415.1836,45544.1445,45915.6836,45723.3867,45658.5859,45423.4102,45989.9414,45662.2070,45695.8555,45862.9883,46319.2500,45966.0469,46262.6406,46110.9883,45369.8008,45795.7383,46268.1055,45739.1602,47040.8594,45931.1602,45795.2500,46170.0039,45215.1016,44433.1953,45331.2461,47487.9648,45024.2773,45985.6797,45755.6602,45190.9648,45200.8711,45456.5273,45945.9180,45183.2109,46082.8711,46195.4453,45462.4180,46771.9844,46319.0781,46220.3867,46095.5391,46893.3281,45741.3828,45419.9336,45401.4375,45832.7227,45422.3008,46751.1016,44875.0625,44991.3633,45635.3906,46777.3633,44557.5977,43933.7617,45366.2812,45236.5156,45740.3438,45848.0273,46366.9648,45655.0508,45110.0117,45414.2461,45726.5547
45769.6094,45427.2969,46458.4805,46351.0156,44837.1758,44284.5820,46078.0781,45425.1680,44190.4766,45032.6523,43317.3203,45818.6133,44080.7305,46378.2305,46024.5234,44971.2031,45294.2148,45804.3789,46136.3750,46601.5156,47107.3828,47190.3516,45840.8672,46686.7695,46524.0195,48273.1758,47245.2109,47167.6797,46327.1914,44795.2930,46219.8086,45700.1797,48082.8828,46657.3594,46960.5508,47338.5039,45444.7617,46136.5117,47445.2891,45641.1133,47922.3086,47532.2852,46224.2031,46657.7500,45817.7891,46790.7695,45349.1641,46455.1094,45763.0117,46843.5000,45928.4570,45678.5312,45512.9414,46701.9648,46351.6406,46431.0820,45272.0000,46331.6094,45873.0664,46545.6445,47471.7578,46862.3125,47021.7031,45956.7422,46737.3477,46911.6953,48131.5664,45842.8281,48334.9062,46026.8945,46633.0078,47939.6367,46770.0547,47560.3242,47730.1445,47762.1484,47723.5391,47789.5117,48336.9414,47681.4961,48425.1406
45823.3359,44562.8242,46035.4023,45583.7578,47058.3672,46654.4766,44957.7227,46469.1719,47926.7656,45036.9883,45271.5469,45953.0938,45175.4727,45853.2031,44890.7773,44680.2969,45717.5352,46909.6445,45939.2344,46172.0586,45760.2656,45397.7734,46383.9062,45369.5508,45983.9414,46761.9062,45744.8945,48083.4141,46583.0898,46255.9609,46194.0547,46513.8594,46704.6055,45401.8867,46040.8164,47292.3984,45811.1797,44661.5039,46209.9102,45491.2227,46841.5703,47284.1562,46059.9961,47400.3086,45410.7422,46556.0859,46372.9922,44629.4609,45459.6328,46180.0742,46549.0938,46021.3711,46337.1016,46800.4141,46401.9141,45715.7969,45710.8398,45187.5977,45075.0078,46109.4648,46263.2578,46306.9492,46471.3398,45879.1055,46990.5039,46038.4648,46340.1445,45535.6406,46356.2578,47366.1680,45737.3750,47582.4414,45854.0898,47717.3906,46880.1602,47356.6289,48966.5664,47963.7617,46949.6484,45879.8750,46242.5820
45074.8555,45406.3906,44601.0469,46694.1523,42248.5000,44172.3359,44853.1641,43578.0742,39787.0078,44834.1445,42107.2188,43527.7422,45011.1289,44056.6719,44285.2930,45070.6758,45616.7461,44654.9062,45535.6055,46294.3828,47001.3320,48625.8281,44678.1094,46059.9219,45980.0312,46747.9961,49794.3047,44571.9688,46318.7305,45652.3789,46652.4180,45561.6484,47847.4531,48572.7617,46004.6094,45557.4219,46342.0430,48795.8828,48185.0234,47818.5781,48537.7031,44254.0391,48578.6992,45216.7148,45864.8398,45741.0703,44486.5938,47739.3906,45742.4844,47079.3594,45800.3438,46289.7578,47081.7695,45643.4414,45993.9688,47045.8047,45112.1523,47765.4648,46413.8281,47808.7266,48102.5508,46280.9414,45307.8047,48544.8281,46833.0039,47467.5664,46981.7930,46734.8164,49570.5547,45706.6680,47083.4258,48406.5430,47328.4531,46881.2109,47757.9570,47220.6094,47224.7422,46512.8047,49313.3750,50627.6484,49130.8594
42307.4844,44074.2969,45078.4258,45692.5742,44458.2773,44433.3789,44701.7656,44130.2500,43546.2461,44788.0195,43194.4375,44261.0547,43343.8359,44650.0742,44393.2266,44306.2070,44695.3711,44065.0078,44454.1094,44947.3320,45326.2930,45234.1992,44078.6797,44734.6445,44867.3125,45144.3047,45200.1562,44011.6172,44134.8438,43619.4102,44511.5000,44160.3867,45212.9805,45096.9727,45143.2539,44296.0273,44173.9961,44668.0391,45814.0352,44091.9336,44782.6211,43942.0586,44088.8555,43962.5664,44059.0547,43916.3516,43978.0039,45046.4219,44181.8789,45633.0469,44240.5938,44231.2305,43841.3945,44702.8008,44251.9922,44919.4844,44286.9766,45166.1523,44564.3750,44787.1797,46224.0273,44627.3594,44249.1953,44686.3633,44673.0039,45156.9375,45563.7305,43877.1992,45707.9766,43963.0938,44787.4062,44382.6328,44104.7383,44638.8398,45064.6250,44383.6914,44695.8633,44294.5625,44417.5977,45473.2461,46855.6289
44191.4141,44320.8750,45637.1758,46313.2305,44110.0586,44548.1992,45247.7695,43681.9961,43015.0664,44791.0117,43451.6953,43713.5312,44159.8125,44236.8047,44961.5078,44629.4609,45078.3047,44326.5312,44904.4570,45513.9062,45666.1875,46502.8906,44112.9023,45519.8281,45060.3281,44568.8828,47154.1250,43884.8164,45709.2578,44494.3516,44857.6211,44635.7227,46359.4258,46347.3594,44768.6523,44962.7695,44714.3984,45769.2344,45608.2344,45644.8633,46357.0508,42629.0820,45759.6484,44045.5273,43689.1680,43789.5938,43993.5234,45558.9297,44820.4453,46235.9297,44290.4648,45177.1445,45289.1836,44536.0625,44660.1367,45317.8438,44148.4805,45638.2461,45115.1641,45713.6250,46381.3906,44714.5938,44299.1992,46371.4219,45505.4023,45958.8789,45807.9570,44695.3945,46673.4609,44328.7422,44839.4258,45086.3047,45113.8867,46236.3945,45951.1758,45552.6836,45394.2812,44839.8008,45933.5156,46755.2812,47056.1445
44490.3477,45286.3945,45526.0312,45341.5039,46733.4688,47518.3633,44418.9648,46102.5156,45708.8906,45375.5820,46041.3281,45568.2617,46573.2812,44820.8203,44968.4609,45870.0781,45999.6172,46798.9180,45921.4023,46036.7266,45931.7305,45877.2695,46329.1172,45164.9180,45865.5742,46198.6680,46248.1914,46575.9844,46212.2969,46218.3555,46870.7656,46073.0156,46460.5430,46108.5234,45910.0625,46357.9648,45191.9453,45101.6602,47059.2305,45621.2930,46152.0938,45954.2695,46282.9727,45884.9609,45863.4414,45897.1641,45727.8125,44844.6992,45827.3633,46841.0547,46331.4453,46840.4062,46655.1484,45913.7070,46166.4922,45474.5117,45591.3984,45165.7227,45827.3633,45750.8438,47098.1406,46171.2617,46179.0977,46403.4375,47051.3867,46309.2109,45751.4609,46140.5547,46128.7656,46650.6250,46764.3906,47677.2305,45427.5781,47541.4727,46751.9336,47002.2812,48211.6758,46912.5781,46058.5547,47069.1211,46655.6172
43189.4023,45306.5938,45284.1367,46235.4414,45899.5859,46840.1523,45183.8672,46057.4688,44743.3945,46468.1602,44573.2305,45965.0820,45509.9844,45776.7266,44539.9609,45603.4180,46430.8555,46038.3320,45746.6680,46518.8242,46383.8633,46542.4648,46010.7500,45325.3438,46924.2266,47259.4648,46280.4258,46126.5508,44987.2539,45817.3242,46665.1094,46067.2109,46380.0547,46541.6953,46884.0078,45263.3086,46189.8086,46439.5703,47866.2812,46391.2930,46533.9336,46919.5273,46129.6211,45876.1992,47072.6484,46017.5781,45982.3125,46523.6055,45663.3477,46817.8945,46792.2266,45551.5586,45987.4492,46756.5820,46159.4766,46622.2227,46609.2109,46971.3906,45378.1641,46219.1328,47862.5781,46332.5430,45762.3945,46450.7266,46653.1680,46489.3438,46645.8359,45880.0781,47732.6680,46390.1758,46712.1172,46920.9609,45501.9961,45557.1328,46854.5430,45411.8320,47071.6484,46101.8750,45788.4258,47573.4492,48407.5781
44013.4141,44535.9688,46149.2344,48232.3828,47684.4609,47407.8672,45327.1758,46370.2617,50014.3750,45865.6602,45006.2930,45541.8242,44939.6797,46341.6562,44134.9883,45142.3242,47109.6875,45984.1055,46680.5273,46984.6992,46159.0547,45953.8086,46018.8828,45470.7617,45754.8906,45719.1836,47650.9570,47402.1758,46192.8242,46993.7461,45852.0469,47985.2891,45860.5117,46078.0820,45763.3438,45572.2070,48218.8516,46015.0195,46509.5820,45568.2305,46886.8984,44989.9023,47183.8359,47739.0703,45089.9883,46240.3320,47241.8906,45871.6641,45379.4492,46080.1484,47142.3359,45961.0156,46628.0898,46882.8750,45564.5625,47341.5195,47186.5391,47064.4219,45598.5039,49178.8203,46515.4531,45799.6992,44562.3281,48569.3086,47332.9023,47875.3672,46306.6172,45056.7930,46798.8320,47574.2305,43435.1992,46630.3828,46476.9805,45524.1758,47222.5078,46594.2891,48489.2500,47790.5820,47112.3867,46502.7539,47215.7461
42300.6133,45916.2617,44688.9062,45627.8906,45924.2148,46874.6211,43822.1523,46835.3477,43565.4180,45519.6484,44907.6211,45968.2227,45622.9922,44353.2461,44566.7227,46134.1250,46002.2070,46709.7656,46338.8359,45375.7344,47119.6836,45490.5820,46619.1953,45469.8047,46869.7422,49377.2227,45773.7461,46308.2148,45565.3594,45785.7266,47908.4414,45870.3906,46731.8242,46286.3320,47999.4805,45547.9258,45844.1758,46778.5430,49013.2188,45758.6367,44319.2695,47780.2305,45216.0273,46700.7695,47641.7031,47996.3711,46282.1680,46284.7227,45548.8555,47240.7070,46615.5508,46786.2617,46100.3633,47220.6992,46490.1875,47071.9180,47062.6406,46330.0430,47579.1641,46606.8711,48668.6055,46603.9688,47358.0859,45394.2852,45838.6250,46914.1328,46144.9023,46613.9922,46150.2148,47658.6836,48202.3242,46952.1484,46578.4805,46063.1211,45706.8633,46506.7500,46587.2148,46207.7578,45967.1719,47995.8281,48174.0195
45828.5039,44884.7383,45228.9453,46386.4492,46162.1406,45959.6289,43602.6953,46359.7578,47503.9531,43854.0859,43829.4844,45558.6016,43864.1367,45368.3672,43318.4258,43884.8750,45494.2969,46992.1406,46345.9727,46506.4375,46357.4805,45276.4375,46692.7500,45627.4570,46259.3555,48708.8359,47625.3008,49476.9375,47241.7070,47196.5469,46620.1445,47854.3633,47880.9961,45879.0977,46490.8398,47213.2031,47165.1445,46022.3906,47178.6641,46047.8828,47681.6875,48468.3008,47608.8945,48822.3906,46078.9180,48528.2656,47773.1211,45656.7539,45266.0859,46537.1328,47473.5508,46827.3633,47328.7969,48051.3945,46853.0820,47063.9336,46913.9102,46095.0742,45761.9922,48700.7812,47115.8594,46586.1094,46758.1133,47696.5898,47813.7969,47338.8945,47205.0039,46215.7344,47297.1953,49416.1875,45417.0859,49539.5391,48237.1836,48170.9375,47459.3594,48663.5195,50150.9688,49698.9648,49675.6758,47664.9883,47450.3672
47966.4336,44892.3789,46492.0117,45645.5234,44181.7969,44808.8984,46423.5742,44686.6680,42730.7812,44994.1094,43774.2734,44216.3750,45701.5391,44158.0508,45890.9844,44605.3086,45139.8828,45870.7148,45803.3125,45874.3789,46434.8086,48060.3320,45128.7578,46449.8867,46081.6562,46237.5430,47655.6680,45345.7812,48075.5664,45992.2852,46219.9102,45234.1523,48386.8711,47419.6328,45653.9336,47716.3242,45823.3945,47396.2695,46120.7070,48031.4961,48301.6094,44592.2188,47099.7930,45738.0195,44638.2422,45349.7227,44428.2734,45803.7773,45926.5586,46864.4766,45027.0352,46327.5977,47207.1641,45832.3750,46636.4453,46264.1211,44263.6328,46319.5391,46203.2852,46079.0820,46703.2305,46204.3203,46709.4414,46581.0312,46192.0508,46007.8477,46584.9883,46497.7305,48175.5469,45889.4375,47037.2812,47246.0391,46641.4375,49174.9414,47017.4219,47699.4219,47746.1797,46885.1875,48543.3008,47697.4336,46899.0273
43409.8359,45064.3008,44984.3125,45269.3672,46134.6719,47466.1016,44555.1523,46621.0742,44157.6055,46066.8945,45173.8398,45656.2266,46196.3867,43760.4297,44374.4805,45579.6484,46133.2930,46755.3281,46138.1172,45629.7344,46269.0586,45851.2695,46313.0820,45264.0273,47398.7070,48097.7383,45586.4688,45778.3438,46171.8711,46441.8516,47385.1211,45915.0664,46950.9961,46247.3828,47115.0586,45158.1211,46288.3750,46942.2578,47395.8320,47454.2109,45244.1562,46715.5742,45439.1250,46185.7891,47351.8477,46824.3594,46219.9023,45867.8281,45530.0117,46957.1992,46415.3867,46253.9570,46838.3789,47032.9141,46445.6875,47020.6016,47127.3008,46442.6562,46484.6797,46154.4297,47757.3906,45788.9922,46707.4922,45864.6602,45820.2656,46344.8711,45517.6367,46520.9648,46514.6406,47594.1953,47023.0312,45874.1602,46068.3906,46438.0078,45649.8438,45536.8359,46288.8086,45558.3633,45243.3320,47214.7109,47417.0156
46145.4805,45141.1445,45230.5234,44500.9336,45602.9492,45202.8555,45049.9336,47173.0859,45206.5078,45028.7266,43719.8906,46941.4961,44905.5273,46797.5820,45617.1211,44954.3555,45545.2148,47404.1367,46220.0391,46045.6211,46913.7656,46265.4258,47165.2656,45992.1562,47253.1719,50427.8047,45342.6484,49336.4648,45871.1992,45276.5156,47596.0273,45942.7969,47540.0391,46035.0156,48428.0039,48591.3164,45677.7891,45750.3594,48400.8281,45794.7539,47314.0898,51424.4141,45946.4258,48856.0078,47910.5820,49103.5820,46066.0469,45784.2031,45913.0859,45930.5820,47425.0938,45397.8164,45943.0430,48043.0664,47591.8047,46460.8906,46002.4648,45919.6523,45579.5938,45653.6836,47385.6250,48004.5703,48805.1992,44191.6719,46895.3047,46467.0000,47839.1289,46528.2188,48100.5859,47901.4961,48389.1602,49328.9727,46896.3711,47306.3008,47831.8398,48321.8594,49537.2070,49020.8789,48440.1172,47436.4180,47571.8047
44868.5742,45342.0430,45164.5625,47477.2539,44578.3086,45770.1992,44134.4180,44712.5977,43530.7344,44637.0078,44116.6250,43872.5625,44823.2344,44295.6680,45106.9805,45783.6016,46531.0195,45944.8281,45978.0039,45935.9414,46813.4062,46837.4570,45574.9180,46661.0039,46047.4492,46692.6836,49677.5625,45611.1797,47093.3945,46117.9180,46723.6523,46294.7969,47346.0820,47978.7695,46387.4688,46013.8672,46157.7305,47634.6523,47489.7461,47149.1875,46764.8125,43786.2812,48093.1680,46270.0273,45285.7070,46742.1016,45743.7539,46887.8594,45720.6719,46925.4609,46169.3516,46908.2461,47663.5938,45982.7695,46031.3047,46807.6797,45811.9492,46594.5586,46704.8320,48018.1914,48163.9922,45698.7188,45549.9961,48300.4453,47014.3594,48344.1641,46630.2461,46336.3750,47423.2734,47409.8047,46123.7305,47151.3945,48028.3125,47086.0703,47004.0234,47732.8477,47272.0586,46541.8125,48444.7148,49427.9648,48260.4727
44857.3125,46536.6992,46718.0000,46465.5547,47331.5742,46919.1445,46133.5195,47865.6797,46850.1289,46569.8555,45049.3477,47752.9062,45158.3750,47668.3555,45975.4883,45799.4258,46472.5625,47638.4453,46711.1328,47079.9805,47582.2852,46663.1289,47571.6211,46631.6602,47902.0859,50293.2305,45834.3867,48876.8047,45869.8828,46095.2734,47416.6641,46921.7695,47837.3125,46477.9688,48715.4570,48023.0820,46577.8828,46399.1406,49066.6836,45897.2812,47042.2188,50805.6719,45964.5664,47820.4727,48139.6250,48391.3945,47171.4531,46710.4727,46456.8203,47361.9688,47801.3750,46199.1016,46104.6211,48670.3906,47801.7891,47311.3750,47147.9805,47120.7852,46134.8477,46554.8086,48893.4531,48052.4414,48456.2812,45469.4219,47384.9961,46986.4805,48828.4688,46584.3867,48304.7070,47896.5938,48386.5430,49039.1055,47021.7188,47240.7539,47767.6680,47320.2812,49185.3320,48692.2305,47680.8125,47336.1328,49200.5938
45894.0586,44918.4805,46132.9961,46647.3164,47352.0312,47915.1836,45007.7539,46221.7617,47666.9570,45723.5859,46582.1992,45563.8516,46813.7422,45525.8789,45615.4648,46251.9219,47069.3789,47177.2734,46509.6523,46745.2891,46117.1680,46327.1523,46577.1172,45903.0234,46139.7109,45470.4180,47803.1719,47291.2656,47361.9180,47019.4375,47014.4336,46982.4531,46729.2188,46838.0625,45866.9688,46800.3398,46144.4883,45498.0117,46526.6992,46608.8984,47312.3203,44999.0469,47605.2422,47180.0352,45448.0547,46209.5000,46450.7188,45375.8867,46205.3242,46870.0508,46900.2461,47113.0312,47675.8203,46128.5977,46288.6914,45987.8438,46116.2695,45628.0977,45934.6289,46985.9570,46764.6523,46143.3047,45771.1289,47840.5898,47888.7070,47429.7461,45840.2773,46241.1836,46604.3633,47541.3789,45717.3398,47328.2188,46214.6211,47962.3359,47545.0391,47865.5586,48770.4453,47367.5508,46900.0820,47531.7930,46579.6680
49066.0078,51133.7617,50769.7695,52978.0977,47927.6719,48997.9805,49762.4258,48364.9688,45364.4453,49183.0352,47596.2500,48284.2109,48911.0664,48737.9609,50007.0117,50407.2578,50270.9375,49434.9023,50893.0273,51146.0664,52582.5156,52960.1094,49545.8281,51915.3711,50431.5859,51799.3594,55448.3672,49086.2578,51930.2422,50122.6914,51119.5195,50575.3672,53414.1445,53332.9102,50855.4023,50465.5703,50606.2109,53237.5938,53113.8906,51323.2852,52261.3125,47701.6797,52726.4258,49405.7852,49417.6484,50555.1641,49653.3047,52571.0000,50545.1719,53035.9258,49817.4531,52253.9961,51533.0430,50302.7578,50419.9414,51962.4141,49878.5430,52099.4531,52593.8008,53467.5586,53887.5898,50715.7031,50305.1328,53719.1328,51547.7539,53157.4102,52506.0469,51248.2266,53237.3555,50474.2852,51443.9609,52617.4961,52917.8281,52649.9883,52054.9805,52741.6289,51261.2344,51317.8047,54173.2422,55226.0469,54685.4297
42912.8398,43941.6641,44744.2500,44460.0352,44212.6953,44017.1875,43634.4609,43724.4219,43448.0898,43302.1016,42905.6250,43767.0273,42873.4453,43779.2891,43597.3984,43302.6133,43441.5703,44168.2891,43998.2188,44516.0859,44639.6797,44482.8633,43999.4844,44205.1211,44082.1992,45084.8984,44793.9336,44615.0078,44344.6367,43567.1914,43988.3789,44068.2500,45549.8555,44249.9727,44191.2109,44832.5430,43316.1289,43567.3555,45127.5312,43230.8789,44856.4688,44360.7578,44002.4609,43489.6328,43349.4102,43818.3477,43751.5508,43677.1016,43810.9727,45311.7969,43823.5391,44536.1367,43864.0742,44371.1328,44222.9922,43978.9766,43375.6133,43847.4219,43910.2969,44312.5312,45671.2148,44360.3672,44486.4727,44414.2578,44879.6133,44481.7148,45488.0547,43783.1484,45056.5156,44038.9766,44491.9297,45804.8633,44201.2344,45882.1680,44994.2422,45082.7695,45798.1133,45379.7852,45158.9648,44907.8047,45961.0938
42793.6836,41933.3789,44360.4531,44296.6680,45199.7422,45066.1680,44447.5586,44083.0469,46194.3125,44835.7109,43510.7969,44057.6680,43690.6289,44542.8359,43231.5547,43122.4922,44595.2070,43909.8711,43630.2969,44604.8672,43337.5625,44068.5000,43586.3984,43050.8320,44257.0000,42709.4844,43258.0820,44282.4844,43497.1484,43848.7188,43502.6953,44004.0117,43479.2930,43556.1172,43571.7461,43642.4883,44158.4531,42800.9609,43428.6758,44092.8672,44917.8984,43404.9336,43525.8281,44265.7656,43247.4922,42495.3984,43767.9727,43224.3789,43392.8125,43902.0469,44205.3672,42667.0820,43577.1250,44051.2344,43519.1914,43725.9375,43888.2578,44093.4883,42189.3125,43435.9766,43651.0391,43620.9219,42760.8398,43963.4375,44378.3594,43576.0312,43644.6406,42708.7969,44759.3008,43661.2227,42621.4805,42976.2578,42033.0273,43665.6797,44597.8281,42995.3633,44974.7422,43716.0625,42561.6445,43121.0820,44326.1562
42027.0195,42710.0820,42402.8828,43205.4844,43866.0898,44994.3125,41971.5312,44306.5664,42728.4023,43441.8867,43147.5234,43154.1172,44123.3711,42510.6445,42885.5742,43869.0508,44471.2734,44743.7773,43738.4375,43087.6680,44030.0938,43609.6875,44210.3633,43229.8906,44311.4453,45210.6562,43959.2305,44139.2734,43752.9766,43889.2773,45321.6758,43617.6133,43746.3828,44408.8047,45030.3320,44084.0273,43742.3906,44255.9180,45474.9492,44465.7617,43025.3047,44292.7305,44028.2773,44883.6328,44644.4961,45073.9883,43584.7695,43463.2266,43512.5977,43882.1719,44572.2148,43915.7148,44747.8555,44337.0273,44317.7383,44152.3125,44054.3047,43752.6602,44074.8828,43756.0664,45213.6328,44112.1094,44441.9961,43435.1992,44012.8711,44601.9922,43286.2227,44139.2422,44093.7305,45392.7656,45219.3555,44382.6797,44014.5898,43843.2266,44006.3047,44440.1953,45243.0234,43970.4258,43886.0391,45364.3906,44569.5273
44131.1641,43352.2930,45215.6914,46111.0430,46261.5000,46194.9492,44330.1953,45024.7891,47374.9922,44845.8086,44903.7109,44567.6172,44652.1328,44955.4219,44235.5938,44610.5469,45848.0977,45380.3242,45206.1680,45578.0117,44900.9141,44772.4023,44983.1367,44603.3438,44853.3281,44077.4922,46050.2344,45949.3125,45696.2305,45497.3281,45179.8047,45762.0273,45067.0859,45152.2031,44674.4883,45068.2578,45328.6445,44149.4180,44969.1836,44959.1055,45797.0859,43692.3672,45693.2070,46207.3711,43848.6562,44691.2383,45449.9375,44459.5938,44573.5078,45460.0547,45485.3008,45173.7695,45593.3359,45137.8008,44656.3320,45051.7617,45168.0234,44821.7930,44535.6406,46010.2422,45189.2734,44714.6328,44013.4180,46278.6602,46099.8906,45920.1992,44651.3672,44288.2266,45254.4336,45993.7969,43674.4805,44898.9570,44597.3984,45771.7617,45848.0781,45838.8086,46719.2266,45635.7344,45115.1094,45451.8594,45468.9922
40915.6250,42092.8242,42190.2383,43585.8750,43569.1367,44004.4883,40928.0273,43041.4961,44052.4648,41962.0781,41828.6133,42186.3008,41595.1211,42296.0703,41065.4375,41999.9023,43246.9492,43494.7617,42750.6055,43047.2383,42886.8984,42303.9570,43196.8008,42490.4531,43067.3398,43960.7773,44061.7773,44146.2852,42844.9609,43383.6016,43104.2891,43915.1094,43301.0781,43041.8633,43224.7227,42924.0000,43393.0352,42811.5547,43958.6797,42717.3125,43016.7891,43217.7773,43739.1016,43599.3477,42840.1602,43757.5352,43718.5703,42511.5742,42311.3242,43172.6719,43869.9141,43120.7812,43786.8516,43784.3984,43109.5586,43361.5156,43457.6211,42985.8789,42197.2070,44251.3320,44424.0039,42751.7461,42606.6211,44144.4062,44056.1953,44138.5977,43556.1133,42565.9062,43467.7852,44776.9062,42313.5000,44517.2305,43841.3711,43241.6172,43621.7578,43560.6445,45271.2969,44357.2461,44038.9648,44005.5078,44398.6094
42869.4141,41373.0234,43074.3906,43696.1875,44282.7656,44375.3164,42939.0234,43859.5859,45494.2695,43495.6953,42528.2188,43048.0586,42941.5859,43435.0156,42390.5742,42457.0000,44214.9219,43950.3398,43328.4258,43506.5195,43067.3320,43287.2227,43442.1836,42792.3086,43791.6406,43418.7539,43429.0664,44482.9453,43610.7422,43822.6094,43645.3672,43894.6094,43186.9453,43422.9531,43720.2734,43839.8320,44291.6680,43194.7656,43439.9258,44142.3906,44065.4688,43492.8281,43770.1953,45098.0156,43124.0625,43674.7344,43680.7812,42841.1484,42859.3125,42958.0703,44213.4766,42541.2773,44029.3711,44150.3320,43585.7891,43815.0938,43707.1367,43697.3086,42323.7188,43849.2422,43443.0156,43372.5312,43008.0781,43609.4648,43899.2305,43820.1016,43123.0078,42748.6484,44173.9219,44731.9531,42600.8789,43228.3359,43074.1172,43334.6094,44045.5938,43576.5625,45313.8164,44055.2422,43557.4141,43418.3984,43638.7227
45566.8086,45940.4375,46508.6641,49192.9297,48198.5352,48877.9141,45563.9492,47220.5469,49670.8750,46940.9609,46508.5820,46682.5781,46754.3242,47614.8828,45584.1211,47172.1523,48942.6094,47790.9844,47741.6406,48599.1445,47472.0117,47535.7617,47706.1875,46994.0898,47539.7539,47168.3125,50323.9766,49130.5664,47473.7461,48316.8477,47970.9062,49212.7773,47441.7266,48342.3633,47384.3867,46862.8398,48645.8984,47351.7734,48463.6250,47644.4922,49080.8672,46618.5469,49845.6328,49125.2422,47304.5156,48102.6094,48532.0000,47722.4961,47097.3672,47621.0703,49165.1016,47642.3164,48837.2422,47935.6016,47142.5273,48140.3477,48494.3711,48062.6406,46494.4844,50063.6562,48443.2617,47300.3359,45862.2422,50585.0039,49772.0469,49916.6641,47747.5195,47048.6055,48884.6016,49406.2109,45549.5195,49074.2695,48240.4102,47211.5391,49515.6055,48661.0820,50304.6172,49111.7812,48935.1289,49751.0312,49125.2344
44905.0898,43623.6875,43827.1953,44371.9883,43421.0898,43097.0391,43467.4219,44708.5508,43395.2852,43139.9453,41917.6562,44582.1016,43052.6133,45172.8711,44228.1172,43736.3203,44397.8164,45247.5938,44922.8633,44851.4062,45714.6094,45245.9141,45160.3672,45005.3125,45176.5977,47864.9219,45936.7969,47317.7422,44988.7461,43881.2930,45892.5547,44771.3008,46186.1445,45360.6250,46365.6523,46665.8789,44485.1211,44809.4336,46754.6758,44440.8125,46449.3828,47760.2930,45638.4609,47395.1211,45398.8320,47308.9023,44544.3906,45025.2109,44429.8125,44701.4609,45692.7852,44394.5977,44849.9922,45930.3477,45529.7070,45207.4414,44381.1602,44764.2461,44649.9492,45555.5703,45871.5977,46147.7305,46286.9180,44373.1133,45793.3398,46041.6719,46308.2695,44963.8281,46849.4531,46268.5703,45918.8516,47602.8516,46118.2461,45867.5234,46723.4688,47536.6172,47709.0781,47402.6055,47919.1523,47057.7969,46424.6055
46257.3633,45540.7969,46904.2500,46928.4414,44734.0234,44499.1016,46544.3438,45060.3477,44077.5352,45283.2305,43319.7656,45522.1211,44306.6328,45969.8711,45659.7031,44752.3242,45321.5078,45581.5391,46284.1445,47124.0508,47119.2773,47817.6016,45593.5430,46790.9453,46651.4453,47633.7969,48105.8633,46755.0820,47031.1172,45519.5781,46011.4648,46140.3359,48714.1562,47073.0273,46348.7266,46982.7383,46096.9961,46819.4336,47080.7656,46602.2852,48856.6680,46494.0898,46912.2266,46211.0586,45490.3984,46114.6484,45624.2969,46828.3555,45888.0977,47451.4258,45829.6406,46116.9492,46114.7500,46696.7500,46331.2500,46851.8789,45516.0820,46931.2383,46004.5234,47293.0234,47524.5977,46606.1172,46513.3633,47262.3555,47048.5391,46972.7227,48157.3242,46087.3750,48921.1445,46009.4688,46119.0273,47984.7812,46974.6250,48236.4414,47923.2344,47643.4844,47724.7578,47767.5430,48735.5430,48037.1797,48753.1094
45392.5469,43744.8945,44671.2891,45261.0117,45483.8242,46032.1367,43543.2227,44949.3359,46316.9062,43909.9961,43986.8008,44235.5039,44551.4414,44119.5586,42935.2422,43541.9883,45069.4922,45891.3867,45112.6914,45760.2656,44817.0117,45188.8438,45330.0703,44446.3906,45163.2578,45408.8203,46713.5312,47020.9023,46391.0117,46511.0820,45440.0938,46456.8984,46411.4258,45412.7148,44537.8086,45877.3789,45945.8438,45036.7656,45361.3008,46031.8984,47189.3281,45330.3164,46982.8633,46412.5430,44595.3711,45586.9375,45962.3242,44382.5820,44712.9453,45645.5078,46095.4688,45812.2891,46831.1523,45969.2656,45635.1445,45459.0547,45302.4688,45111.9023,44238.1484,46687.6211,45652.1172,45172.1367,44860.4531,47206.5781,46933.9453,45840.1172,45397.3711,45272.1094,46434.7422,47208.7734,44351.3242,47695.2344,45964.9531,47329.7617,46576.0742,46791.0664,48752.5430,47509.1719,47407.5352,46463.4258,45850.8477
40172.7734,41555.2695,42803.5547,43045.5195,43593.4805,43686.7930,42418.8125,43388.7695,42534.3008,43034.8242,42572.8320,42614.0820,42854.2266,41396.5195,42893.4023,43228.9062,43310.9062,43021.8438,43534.2227,42324.7891,43401.2969,42520.6719,42813.9219,42707.6562,43502.5742,43831.6289,42386.3398,42108.7891,43102.6914,42211.5312,43797.6523,42331.2617,43064.4258,42776.9375,43817.4609,42003.8633,42721.7266,42855.7617,43473.0000,42818.0430,41235.8945,41841.1250,41311.5508,43354.9883,42781.4727,43230.4961,42447.0273,42469.2109,42294.2812,43383.1641,42374.0820,42765.6719,42553.7812,42958.2227,42305.5742,43590.5508,43454.5469,42725.6758,44035.7305,43138.1172,43660.4219,42283.7344,43123.0469,42107.3906,41980.3477,43758.0625,41979.2031,42453.5938,42164.9258,43323.1289,42598.8750,40583.2148,42342.8359,42544.1484,42204.3711,42668.6328,41710.6172,41690.6914,41164.6797,42991.3477,43448.9805
39986.4531,40198.9844,40652.1914,41157.0703,39917.2461,40115.8945,40371.7031,40066.7539,39439.1406,40258.3320,38797.8320,40583.1250,39757.5781,41199.1016,40061.4297,40122.8594,40622.4414,40555.4297,40728.4336,41813.7617,41368.3164,41952.4844,40665.7422,40797.7188,41149.0156,41814.2812,42369.3828,41810.5273,40567.7148,40197.8008,41060.0430,40941.1836,42095.4141,41559.7930,41091.9766,41184.0703,40467.3203,40711.5977,42168.0156,40640.6445,43057.6367,41720.4414,41813.5430,41025.5352,40943.2109,40913.7969,40434.1992,41270.2188,40673.6328,41575.3516,41284.0234,40603.6016,40732.7383,41101.4180,40873.2461,40942.0820,40437.4258,41238.4883,40041.2852,41434.2656,42041.5820,41436.7695,40736.3125,41848.9258,42217.4688,41710.0117,42291.9609,40717.4336,43182.1680,40738.4375,40961.9375,43072.1445,40954.4219,41718.2891,42839.0234,41964.1875,42790.1797,42311.9180,42517.4922,42847.0938,43055.4531
42176.5273,42066.3516,44202.1602,45048.9961,45151.1914,44710.5039,43658.8203,44082.3555,46339.6016,44047.9023,43314.9805,43500.7500,42819.7383,43943.8008,43165.1680,43168.4648,44561.3633,43836.4766,43860.2227,43951.2969,43738.2031,43316.0586,43522.3672,43416.8516,43806.0938,43257.6836,43807.3320,44143.5977,43903.1797,43793.1445,43562.0781,44165.4375,43426.3555,43541.8516,43885.5977,43572.1992,44348.6641,43161.7500,43681.1367,43510.8672,43580.5312,42637.4922,43358.9883,44789.1602,42648.6484,43363.3125,44074.3359,43338.3125,43061.9023,43903.3984,43925.9492,43182.2109,43616.8086,44173.5312,43319.2266,44157.3047,44080.3984,43965.5625,43312.4141,44484.5000,44012.6094,43331.7656,42874.9336,44023.4336,43880.6992,44309.3086,43508.9609,42573.3789,43737.4141,44415.6484,42387.6953,42410.8789,43099.2266,43490.8633,43818.6602,43554.5586,44470.6133,43669.5430,43057.5898,43258.9375,44326.9141
52116.5938,50700.6289,52086.1836,51661.3438,50337.8945,50133.8203,50607.8125,50253.8320,49431.6406,49185.0547,49242.5781,49724.1055,49846.1094,49382.0117,50594.9609,49683.7539,49897.4492,51312.3789,51491.5234,51245.0195,52137.4062,52118.3164,50770.3047,51766.6055,50728.9648,52344.0273,53226.8594,51738.1328,53610.9180,51369.8242,51394.5586,51302.5156,54081.0547,51965.4023,50879.3164,53027.9141,50902.6406,51744.1445,51863.2461,51394.2109,52758.1016,50293.7422,52066.0898,51438.4102,49282.8594,51422.5312,50667.8203,50694.7148,50868.2539,52827.7461,50299.3789,52718.7148,52073.9648,51514.1992,51670.8516,51602.9336,49895.3398,50937.0273,52328.2188,52638.2031,52499.3750,51471.1367,52188.4727,52313.2148,51895.0039,51882.4648,52336.3008,51515.9102,52331.3047,51962.6406,51765.0430,53431.7109,52673.2461,55215.9766,52091.7812,54048.1445,53628.1250,53363.6055,54492.4531,52834.4609,52574.2148
48675.3789,49453.4258,49491.5312,50475.9922,51207.6484,52902.0820,49498.3086,50980.2695,50902.7148,51397.6406,49603.0742,50566.3438,51011.5977,50577.2773,48461.7852,49979.8359,51768.1406,51474.3867,50219.0977,51741.5000,50238.5312,51503.9414,51130.5977,49565.4258,52055.3164,51322.4648,51408.9258,51727.1562,49727.7461,51571.2148,51405.5586,51593.1680,50928.0508,51469.2578,51113.3867,50206.6328,51583.9922,51098.6641,52103.2773,52327.7188,52578.5195,52016.9531,52214.4922,50858.9961,52352.7539,50611.7578,51164.9258,50748.5898,50609.3516,50933.7734,52591.1133,49984.9375,52050.3711,51703.4570,51347.3438,51184.3281,51637.5312,51780.8125,48474.7930,50923.6055,52294.5664,50972.7617,50034.1914,52255.2422,52573.7891,51351.6172,51285.1055,50837.5273,53302.2500,52007.9258,50804.4102,52881.8086,50271.2148,50425.2422,52579.0312,50022.3906,53671.6094,51716.1797,50900.0156,52495.3672,52796.3828
47044.1641,46478.2656,46828.2188,48110.7695,44658.4961,46068.8086,47310.6523,45488.1406,42705.5312,47017.9297,44396.2812,45571.2266,46994.8359,46204.7617,46619.1523,46803.3594,47400.6133,46335.0703,47149.9922,47910.3516,48291.3047,50069.4219,46235.2969,47564.5898,47559.7383,47488.5000,50366.4102,46113.5508,47904.1406,46979.1836,47986.0430,46817.3828,48971.9219,49683.5664,47419.5859,47356.5391,47624.1289,49513.8867,48976.6289,49177.2227,49991.8398,45586.6719,49367.7031,46894.5391,47005.7188,46651.8125,45810.4414,48776.4102,47334.2109,48419.0664,47108.6914,47370.4492,48177.6094,46966.4883,47378.2109,48181.7695,46420.2734,48936.0469,47615.3125,48487.7266,48908.9453,47749.9297,46787.3398,49288.3594,48102.9180,48488.6680,48141.4102,47832.2812,50681.3359,46717.4336,48286.6367,48792.4961,47835.5273,48382.3047,49149.9727,48388.7305,48438.9062,47576.2969,49702.6758,50982.9258,49931.2422
41723.1602,41803.9492,44285.3828,44167.8438,44897.8281,44298.8281,44171.1328,43953.5273,45234.4570,44356.7422,43460.2148,43883.5625,43362.8711,43780.8086,43664.3203,43463.5352,44115.0430,43407.5039,43866.5781,43810.2695,43671.8008,43382.0273,43246.6602,43052.2070,43754.2109,42953.1523,42625.1680,43443.0703,43448.8008,42920.4414,43643.3516,43205.8359,43219.5195,43058.2422,43755.2773,43076.8438,43400.5234,42406.1484,43439.2500,42957.0195,43253.5469,42622.3320,42131.4219,44194.0664,42678.4688,42652.5703,43206.2656,42996.1250,42973.0820,43973.5430,43206.0312,42811.3984,42565.3008,43512.5781,42800.4922,43622.4609,43642.6758,43441.9023,43464.1445,43308.8281,43422.3633,43252.4609,42940.4805,42871.8906,43205.3555,43564.4023,42891.7891,42379.1328,43359.2461,43109.5898,42603.0039,41392.0742,41721.6133,43276.7930,43509.2891,43053.2500,43215.4180,42699.1602,41613.9766,42703.8359,43868.8516
43840.8672,42927.4414,41902.3477,42601.2148,41406.0312,42822.8438,41073.6562,42527.8516,40120.1055,41270.0391,40669.6328,41755.9023,42498.8047,41567.6562,41413.3750,41906.0742,42672.4023,44045.2617,43028.7930,43343.9375,43764.9688,44434.0039,43543.2461,43315.9492,43712.1523,45729.3555,45881.1758,44719.9141,44380.1836,43944.5664,44394.7461,43817.4414,45591.8750,44792.2344,43812.1094,44836.8828,43508.2148,44817.0391,45223.3086,44843.2812,45539.4023,44715.1602,45808.4102,44039.0508,43953.2852,45020.8516,43184.1406,43429.8516,43248.8281,43915.0156,44239.3594,44205.2773,45416.8086,44230.8438,44597.4883,43888.9102,42842.2422,43665.4570,43058.8242,44564.5000,45331.5234,44114.0039,44450.2539,44945.7578,44986.7383,44528.6836,44705.0273,44544.6836,45895.3242,45377.3320,44892.9062,47780.9023,45624.8438,45832.6680,45220.7305,45854.6250,47163.9805,46124.5586,47460.1758,46796.6133,45286.6953
43250.1602,42598.1719,43665.6758,43942.3242,44871.5820,45518.7031,43216.5977,44298.3906,44710.4766,44011.2539,44097.0078,43549.3164,44815.5430,43351.2852,43754.8828,44232.2461,44943.0391,44842.8711,44258.4180,44114.7656,43970.5469,44286.7930,44308.6445,43638.1523,44298.3320,43802.4531,44664.1289,44515.3242,44536.6914,44282.6641,44995.4648,44177.6797,44095.0859,44571.3203,44276.9492,44427.0039,43981.0508,43670.1367,44545.4648,44596.3203,44436.2695,43303.0898,44611.1836,44923.8125,43883.4727,44162.0547,43750.5898,43300.1211,43971.4766,44188.5234,44579.1562,44163.9922,45011.8477,43977.7188,44125.0273,43988.3945,43971.0703,43708.2734,43776.1445,44121.7578,44537.6328,44039.8477,43934.3281,44521.5469,44868.3555,44947.8672,43460.1328,44001.1641,44433.1641,44942.5703,44033.0508,44264.3906,43627.0391,44714.7188,44938.7109,44894.2734,45716.1992,44429.4492,43905.9766,44992.1523,44284.1133
44752.9492,44187.2266,44529.4688,44705.5820,42306.8906,42783.1133,44174.0469,43099.8555,40584.1797,43186.8008,41707.4570,43212.8047,43429.9805,43433.6250,43996.7031,43512.0117,43565.4023,43989.3242,44479.8789,44840.9336,45595.4805,46408.8984,43864.1016,44976.4922,44474.5234,45883.2070,46793.4727,44462.8320,45497.9453,43909.8828,44975.8086,44059.5312,46868.7578,45960.6836,44711.3398,45613.3164,44091.3672,45693.7344,46077.7969,45067.9766,46732.1953,44301.8125,45745.0039,44308.7852,43891.9766,44642.4414,43311.8633,45108.0352,44408.8242,45775.6875,44018.8438,45077.7227,44919.1016,44548.1680,44867.4414,44967.1484,43260.3086,45077.3711,45076.4102,45428.8242,46120.3672,45209.7539,45158.7773,45541.5312,45257.6523,45328.5352,45985.3828,45012.6406,47036.0078,44284.7852,45757.4180,47014.4297,45530.2852,46860.0547,46115.1992,46576.3672,46312.4453,46009.7617,47569.9102,47319.6055,46787.5430
45187.3711,45905.0156,46193.5195,45934.1875,45080.6055,45114.6680,45656.2500,45638.5898,43837.4180,45170.3984,43611.5742,45812.5312,44614.6250,45806.3750,45142.5117,44811.6680,45070.9805,45984.3984,45928.4062,46521.3438,46938.0078,47102.2891,45952.7617,46091.9844,46437.7070,48313.5273,46758.4844,46923.7773,46084.9023,45407.4688,46346.1367,45898.1016,48002.8867,46528.6328,46739.4336,47107.5547,45662.3125,46371.0000,47878.6953,45742.9609,47600.1094,47821.2266,46255.0312,45962.5078,46207.9062,46491.3945,45544.3047,46220.9531,45797.2422,47193.7266,46101.7188,46151.1680,45789.1914,46882.2383,46638.0469,46454.3359,45424.1094,46499.8398,45908.5039,46428.8945,47908.3398,46976.6250,47068.5820,46150.7461,46803.6914,46338.0820,47956.0156,46180.3672,48234.0508,46133.3633,47343.0977,48779.8594,46535.8359,47770.2617,47427.5977,47285.0234,48238.4648,47906.9570,48157.5547,47689.2344,48532.8086
42669.1172,44030.9883,45080.9414,46156.0078,46125.8867,46102.4805,44024.6133,45182.4414,46285.7578,44887.2344,44734.1211,44587.1484,43938.1055,44919.7383,44678.2383,44976.5430,45814.4609,45395.7852,44916.4844,44986.4570,45222.0820,44400.1172,45059.2305,45031.0039,45192.3086,45232.4844,45593.6289,45260.4219,44852.8047,44647.2734,45132.4805,45165.2461,44896.1719,45169.0234,45594.1680,44871.7227,44681.1562,44393.8477,45743.2227,44424.6406,44249.9375,44123.5547,44737.3125,45337.1172,44343.3555,45075.0430,45186.9180,44715.2617,44490.0273,45473.3555,45257.6719,44889.0508,45056.7617,45274.0156,44742.3867,45066.5898,45166.7852,44797.4727,44705.3828,45340.8047,46368.8633,44631.3359,44533.3438,45193.4180,45424.5469,46073.9844,45277.1133,44138.8945,44863.2969,45823.6133,44527.9062,44426.5078,44917.2852,44898.1992,45148.5352,45110.9062,45717.7070,44883.6602,44450.3555,45402.4336,46313.6562
49038.1523,45751.8281,47011.7461,46333.4609,44736.9102,44887.1484,46254.1445,45414.6602,43882.9062,44523.0938,43926.1250,45057.3359,45647.0352,44862.4609,45818.8828,44710.3281,45182.5312,46725.0156,46831.0391,46850.3633,47387.0781,48309.7656,46155.4297,47080.6797,46432.0898,47950.2578,48933.0898,47607.2070,49249.9258,46992.9609,47072.7852,46673.0117,49843.6250,47763.0703,46263.8711,48898.5977,46658.1562,47697.2266,47162.7891,47926.9258,49642.7461,46557.5508,48329.6797,47468.7539,45282.7383,47161.6719,45862.7852,46368.3789,46468.0469,47818.1289,46080.2148,47749.0391,47981.2617,47054.2070,47472.9727,47117.9414,45177.3984,46690.6250,47262.4531,47949.7969,47377.9688,47293.8594,47849.9414,47912.2539,47603.3867,47102.9375,47780.8555,47425.5195,48930.1445,47496.2852,47474.5469,49720.9102,48276.6055,50891.4727,48268.2383,49883.4453,49742.4961,49324.8750,50927.8672,48900.8359,47746.6953
41680.7930,42808.7930,43889.0664,44944.5781,44983.6172,44377.5742,43049.1875,44275.2422,45647.8047,43607.8555,43397.0195,43969.8906,42879.9531,44678.3867,43907.0625,44105.4023,44677.4922,44148.2031,44156.9336,44014.9336,44423.3789,43357.6836,44108.2266,43828.9375,43679.9727,44419.7305,44311.1406,44958.5938,43407.0430,43053.3164,44320.7266,44067.2930,43458.3125,43850.2930,44752.1875,44205.3711,43521.6562,42727.1953,45070.5430,42244.4297,43390.5312,43919.5859,43550.6875,45236.7070,43330.2656,44545.9180,43914.8984,43589.9531,43433.2852,44026.7852,44354.5312,43623.3867,43278.3398,44114.5508,43486.7227,43880.8008,43901.4141,43536.4727,43888.8242,44476.2266,44778.5820,44164.1914,43689.7227,43705.5703,44460.4023,45198.0547,44253.7461,42927.8320,43801.0469,44436.4102,43494.3594,43845.4414,43573.3203,43444.3828,44607.2812,44826.8242,45084.7461,44518.6016,43767.1172,44373.0859,44963.9570
42211.5078,41165.0195,42966.7266,42463.6211,43779.7812,44060.8711,42925.8008,43183.7383,43447.4805,43442.7617,43099.2734,42901.1719,43764.2930,42556.9023,42997.5977,42996.0000,43544.2930,43411.8750,42978.2656,43024.2734,42712.2891,43130.6797,42907.1094,42290.2031,43274.0781,42251.1797,42376.0547,43015.8320,43176.3047,42709.4453,43611.1016,42431.7656,42811.2578,42970.7422,43034.7422,43085.8125,42381.8008,41985.8945,42917.2852,43325.6328,43285.7812,42307.4688,42482.9375,43516.2656,42596.3281,42263.6289,42259.6836,42065.7148,42721.5625,43168.3203,42954.1016,42518.0625,43020.3086,42670.7969,42748.1797,42521.4141,42594.2656,42432.6641,42452.4883,41985.6914,42825.9688,42862.7930,42737.5039,42406.1719,43160.5391,42850.7109,42013.0273,42516.1211,43162.2148,42907.1484,42961.4766,42016.4336,41328.3750,43491.4531,43412.1523,43045.9688,43642.6875,42455.4531,41606.4844,42960.9336,42827.6562
48468.0273,45712.1016,46465.0742,47104.2695,47615.8789,47395.6875,45359.8867,48448.4609,48935.0039,45507.5625,45432.7070,46932.7461,45919.9922,46615.4531,45550.6641,45446.2852,47266.3984,49054.7031,47822.6445,47020.3945,47813.0078,46675.3320,48310.8984,47197.1484,47915.8047,50564.4180,48104.3438,50899.6719,49203.8984,48649.6875,48702.6641,48706.2070,48931.9141,47445.8984,48744.4727,49769.6680,48774.2539,47937.3906,48524.3359,48355.0156,48385.8398,50289.9648,48626.4219,51478.7969,47707.3047,50755.9922,48791.1953,46803.9297,46783.1836,47253.0469,48904.3320,47861.8984,49122.0586,49758.3203,48892.1367,48619.7969,48076.7852,47434.3789,47634.5508,49315.2344,48114.7266,48377.3750,49191.8242,47594.5352,48373.1172,48396.3867,47943.8359,47879.4805,48339.5352,51428.0977,47975.4766,50012.1250,49697.1680,49569.3516,48309.0078,50358.2070,51593.8242,50750.1875,50962.2500,48633.5508,47801.4648
42882.9727,42433.8438,43645.2930,44276.1641,44857.4570,45352.3359,43332.8945,44394.9414,44955.4375,44156.2305,43777.4805,43517.8789,44316.2227,43449.9102,43678.5234,44065.7656,45062.5898,44678.7891,44228.4570,43956.4531,44021.1367,44110.3477,44184.7344,43715.1055,44448.1523,44044.0117,44491.4492,44350.9805,44355.8281,44174.6641,44824.7852,44170.0742,43902.6055,44491.0820,44543.1680,44182.2891,44323.7383,43959.6172,44505.9180,44681.6680,44035.4102,43275.8047,44308.0352,45121.9141,43897.3203,44312.6484,43885.0664,43539.3359,43769.8555,43989.6641,44557.2812,43774.4531,44814.6836,44225.6445,44049.6016,44328.7969,44246.8906,44032.4375,43784.6680,44322.3555,44585.1875,43886.5000,43828.9414,44299.6445,44465.1953,45002.6016,43489.1406,43746.6836,44374.4531,45082.7969,43761.3711,43554.5273,43758.0430,44079.1367,44580.8594,44445.1641,45222.6211,44085.4492,43696.6484,44718.1602,44423.9375
41832.9883,42227.2266,43818.2109,42427.8711,44501.9453,44075.2227,43695.3125,44684.3320,43428.0938,43739.5117,43072.6328,43877.2891,43501.8203,42520.8125,43821.0508,43193.9922,43237.3867,44116.0508,43864.1172,42570.5977,43867.6836,43076.2383,43685.9609,43119.7148,44225.7188,45284.9258,41116.8281,43379.3672,43572.1328,42589.2812,44305.1562,42454.8906,43797.6367,42709.1055,44814.7617,44049.4023,43009.5312,42991.9453,44063.8281,43166.6914,41804.9414,44502.9727,40955.3984,44150.5156,43660.7344,44001.5312,42725.2227,42312.8633,42952.7539,43658.6797,42902.7070,42877.9609,42658.7617,44104.4883,43674.2930,43819.1641,43415.4297,42999.0273,44165.7383,42321.7617,44015.3047,43617.0508,45005.1758,40860.4648,42123.4531,43019.4336,43010.4688,43063.5430,42832.2227,43721.9883,44473.8398,41877.9883,42411.5078,43786.3047,42629.1484,43246.5039,43228.6953,42974.0039,41819.1523,42353.8906,43509.5078
46193.6289,46678.4492,47730.9258,48561.9844,48955.7578,48497.4102,46060.1172,47918.4258,50093.1406,46415.3945,46920.5859,47341.0820,46271.9375,47514.7773,46253.1523,46720.1992,47710.6211,48258.9609,47936.6055,48120.5625,47840.4102,46881.4688,48026.6641,47305.7695,47310.4258,48394.4727,48706.7656,49650.3047,48155.0234,48007.6992,47768.9805,48840.2617,48336.2539,47333.7891,47636.4023,48250.3711,47856.7383,46541.2539,48392.1875,46414.4688,48124.9062,47957.5234,48202.6055,48945.5508,46734.4375,48414.8047,48540.5703,46778.6055,47049.6562,48239.4375,48336.2695,48281.8750,48041.2734,48398.4062,47615.1523,47829.6211,47879.5664,47153.1680,47353.9727,49277.0234,48598.5703,47714.2109,47493.9883,48847.2539,49061.7539,48876.5898,48329.4297,47044.9727,47784.8281,49291.6992,46594.9180,49403.7578,48255.3008,48941.2148,48668.3164,49296.5820,50481.5820,49837.8672,49024.7891,48238.4648,48730.4570
52541.1016,51497.2695,53231.7344,53132.3516,53404.9883,54345.9141,53454.6172,53574.1289,52024.1328,54019.1992,52624.7891,52739.0469,54002.6289,51835.1094,53288.2148,53237.6172,54126.0117,53915.4844,53593.6406,53162.7422,53647.6367,54242.6797,53211.6992,53233.6562,54657.8086,53924.1172,53457.5156,52664.2812,54306.5039,53411.7695,54552.8320,52723.1406,54213.8633,54263.1016,54250.1250,53369.5742,53553.9258,54279.5000,53834.1484,55561.8086,53654.7188,52439.5391,53096.4102,54012.9297,53586.6953,53293.6875,52656.3516,53299.4375,53145.6250,53988.0352,53297.6562,52981.1484,54261.6836,53707.4531,53634.2227,54105.1445,53561.5312,53860.6641,53620.8828,53000.6602,54227.9375,53146.5391,53715.7344,53055.7188,53064.8008,53787.6445,52633.3320,53504.6172,54412.1406,54105.6953,53988.2070,51855.7734,52817.8086,54109.2812,53533.1797,53282.0000,53457.0469,52355.9375,52543.0742,54354.8008,54177.6836
41635.4570,44194.3594,44784.2539,45272.4531,45679.8984,46003.8320,44106.2188,45238.4375,44634.2500,45204.2266,44362.5820,45021.9609,44269.4258,44311.5352,44054.9297,44816.1055,45190.5117,45065.2422,44943.1211,45086.3125,45266.2969,44566.7773,44979.4766,44451.3789,45662.9844,45973.8750,44595.2227,44783.7422,44269.9297,44431.3281,45374.1016,44788.0586,45233.3086,44787.2656,45672.6602,43939.7461,44523.0938,44515.8555,46100.6289,44499.1328,44171.0078,45061.8398,43900.4961,44591.3359,45274.1172,44816.1875,44986.7773,44806.8477,44376.9414,45899.4570,45041.6562,44765.5469,44459.9336,45386.9922,44620.9414,45267.5625,45543.9922,45029.0078,44860.2852,44918.4609,46507.5195,44652.1719,44771.6523,44746.4336,45005.4844,45406.6992,45101.3906,44400.3398,45147.4766,45244.8477,44968.3438,44400.5391,44206.9023,44692.6836,44899.1250,44259.4531,44882.7930,44403.4023,43586.8789,45406.3438,46697.5156
44549.0469,44704.2578,47387.6406,47490.3750,48520.2891,47616.4180,47846.2695,47889.4727,49648.5781,47795.8594,46022.8945,47009.8203,46488.0273,47236.8672,47013.4297,46545.5156,47712.3633,46619.9961,47421.3516,46499.8164,47025.4766,46827.1367,46528.0781,46302.1680,46982.4219,46926.9375,45249.8945,46622.2344,46183.2656,45949.5391,46858.0391,46585.5977,45743.6094,46177.0742,47650.7656,46732.0430,47901.5234,46388.0039,46928.9609,46028.5703,45647.3984,46233.0273,44953.0430,48190.3750,46147.8359,46587.5352,46174.0742,45997.6562,46088.8984,45988.5586,46646.4102,45140.9492,45662.9570,47167.4258,46197.6094,47706.6289,47082.4961,47352.8828,46776.2969,47168.0664,46527.8867,46675.6250,46578.0039,45449.8906,45711.7188,47274.1680,46235.5664,45322.1562,46590.1523,46586.1875,45539.8477,44222.9219,45336.0508,45031.6172,46596.3789,45958.1875,46777.0273,46375.2227,45058.2266,45224.5078,46786.9727
46165.8242,47589.6680,49390.6250,51378.8242,50692.3906,49735.0586,48091.1602,49447.3906,52293.9492,48529.2812,48292.9062,48442.4492,47146.8359,49095.0000,48268.1445,48616.1602,49876.1562,48918.0586,49531.3789,48869.2617,49615.5664,47920.2266,48819.4492,48928.1016,48375.3086,49138.4219,49756.7266,49608.8320,49165.1641,48845.4375,48908.0742,49859.6172,48484.1836,48729.0312,49494.1992,48762.2188,49898.0625,48474.3398,49686.5508,47362.7539,47618.6445,47388.4531,48530.5742,50666.8359,47312.2070,49508.0117,49670.2461,48700.7656,48024.8359,49230.5820,49115.3008,49022.9766,48576.1914,49565.1875,48242.6797,49894.3320,49566.2109,49189.1523,49722.1641,51231.3086,49817.4805,48579.1406,48128.0156,49620.4570,49012.9219,50651.7852,48960.4297,47536.1367,48124.6484,50227.6289,47274.3711,47725.7891,49287.1016,48343.3047,48759.8398,49614.6328,49764.7812,49447.0859,48997.0430,48812.7266,49965.4688
42811.4727,41315.3906,42001.2266,41792.4844,41416.6094,41270.7070,42107.2305,42420.5430,41010.0508,41702.5352,40234.0117,42438.7539,41578.4297,42937.9570,42423.1133,41681.5898,42224.5742,42845.0508,42445.2305,42593.1484,43136.4453,43371.6016,42647.4336,42568.0469,42986.2383,44585.5820,42890.5195,44111.9414,42538.1602,41532.6602,43367.0547,42003.3047,43578.2734,43044.2969,43740.9062,44216.1797,41995.5000,42424.8516,43962.6875,42548.9688,44136.7773,44798.1836,42866.8633,44186.3945,42979.8125,43844.4961,41725.5547,42525.7812,42321.0352,42447.4258,43019.4766,41784.9609,42370.7344,43205.9375,43166.5195,42589.3828,41749.1211,42523.2891,42031.0039,42240.0078,43268.4453,43703.1484,43758.3086,41641.2930,43132.2227,42988.6797,43646.2109,42565.9727,44531.1719,43019.8516,43817.8398,44444.0000,42770.0352,43466.5938,44164.6523,44301.9375,44803.1523,44196.3555,44442.0469,44058.9609,43763.2891
45717.5391,47903.9336,47304.4102,48874.3086,47073.3516,48420.8711,46899.8750,47156.3789,45765.7148,47853.5195,45962.1602,47409.5430,47420.2188,47758.2578,46128.5859,47550.9141,48279.3828,47716.5664,47845.4844,49312.4883,48703.8516,49576.0859,47885.2812,47629.8047,48551.7539,48999.6602,50442.2852,48374.6016,47396.4453,48161.0625,48620.7305,48683.3828,49281.0664,49451.7344,48266.1016,47449.5625,48375.3633,48963.3008,50403.0781,48502.4766,50270.7617,48359.6250,49888.7695,47432.1953,48804.6602,47847.5898,47996.5938,49080.8320,47995.3438,49425.2422,49027.5586,48371.1758,48676.4375,48477.5430,48199.6289,48722.7070,48308.3477,49367.2461,47408.5078,49450.7891,50433.9844,48610.2617,47353.7188,50477.8789,49935.9609,49356.9336,49539.0273,48369.3867,51009.4375,48278.3359,48576.5742,51111.0859,48402.7891,48555.0273,50202.4297,48581.0195,50372.6992,49374.3242,49800.0547,51294.2422,51416.9258
41028.3008,42619.8672,43229.4531,43535.0703,44035.1055,44381.5859,42550.2656,44039.4883,42365.4844,43448.5625,43568.9297,43487.4609,43960.9727,42084.3086,43692.7344,44403.7578,44012.1250,44038.5898,44358.5938,43191.8828,44410.8320,43267.3867,43847.7539,43470.9961,44173.3203,44887.5508,43615.9688,43303.7383,44030.8867,42980.0820,45174.0000,43048.9375,44101.3789,43806.1484,44735.8711,42976.1719,42862.2188,43377.6680,44870.4805,43378.7969,42260.5234,43046.9844,42505.9766,44340.8594,43856.9102,44450.1914,43254.3281,43380.4102,43258.7852,44628.8047,43359.1914,44203.3438,43498.9219,43610.3086,43204.6172,44039.6211,44115.2852,43111.9609,45222.8633,43801.1211,44749.6406,43441.9648,44194.4492,43052.6602,43257.0703,44707.9453,42741.9258,43681.0977,42981.3711,44285.4609,44190.2305,42298.7266,43239.9062,43975.5352,43352.9766,44313.8086,42896.8164,42772.2539,42367.0469,44727.0742,44427.4102
50353.1250,50884.9688,52629.2070,54352.9023,54192.5898,53445.3555,51408.6094,52892.8711,56254.9375,51768.6445,51601.5352,52040.7461,51179.9023,52837.5352,51277.5312,51874.9102,53322.0312,52618.3789,53139.1406,52943.4219,52834.6875,51918.5000,52568.4023,52065.5195,51795.7617,52491.6562,53717.3086,54090.4258,52681.1445,52699.6914,52555.6055,53867.1758,52206.8281,52285.6562,52551.5703,52669.6094,53634.0156,51637.6875,53211.7305,50947.0117,52579.3281,51636.3008,52989.2539,54518.1875,51119.6992,53093.3320,53226.9727,51844.3086,51734.4922,52502.7617,53219.3320,52566.3398,52546.2578,53043.2852,51920.6367,53213.1602,52975.0156,52603.9961,52501.7227,55010.0508,52972.9531,52451.6680,51581.8906,53937.5938,53536.3750,54339.4180,52675.3867,51319.5508,52476.9297,53874.0703,50477.9883,52971.6719,52762.6406,52344.8438,53484.3047,53840.6055,54926.0352,54291.4062,53446.7266,52812.8633,53347.3516
43297.6992,43752.0312,45340.2969,45482.1523,44092.2500,44376.0195,45410.0391,43569.4688,43142.6172,45095.8164,43110.0391,44075.6914,44016.5898,44517.8945,44280.4922,44056.0195,44576.2852,43732.2422,44387.9141,45521.4336,44999.2539,46139.2344,43714.5938,44513.4727,44856.7656,43973.0000,45581.2031,43653.6484,44471.8125,43932.4688,44254.0820,44157.8398,45566.4727,45369.1250,44246.9102,44144.5859,44326.5938,44755.9570,45117.5664,44897.4531,46272.6914,43181.6016,44734.5156,43415.0664,43762.4844,42779.2461,43580.7617,45011.5625,44367.1602,45756.4336,44048.2500,44145.6094,44132.1367,44237.0703,44119.7578,44741.8828,43928.1992,45387.4922,44004.1406,44681.3008,45571.1797,44491.1172,43670.6211,45492.7617,45079.6484,44785.7617,45363.4688,44001.8438,46559.7422,43237.7578,44301.3867,44598.0195,43520.8359,45248.1172,45689.2578,44247.6875,44922.1680,44295.3750,44541.5742,45619.2188,46635.2031
51534.2695,48370.2617,48284.0547,48902.5977,45258.1602,46380.2656,47741.8555,46976.6953,43533.7461,46241.7773,44869.3945,46584.2305,47734.7148,46696.7695,47677.6406,47127.6992,47678.4766,48874.2812,49167.8008,49338.0977,50269.5078,51666.0312,48437.6016,49846.1836,49095.1250,51329.1367,53399.4766,49939.0898,51715.4492,49416.4531,50091.2266,49186.4492,52952.6250,51483.4805,49102.9414,51199.1094,49373.8359,51645.6875,50705.1289,51370.7578,53089.4961,49052.0742,52404.3008,50077.3828,48462.6406,50522.8711,48070.0859,49925.4180,49030.1836,50280.9844,48967.9258,50382.5430,51290.0352,49542.7734,50161.8047,50122.3828,47679.8984,49881.8242,49921.6367,51398.8828,50715.7266,49996.8594,50308.9688,51582.1289,50620.5508,50666.6289,50791.4062,50611.4023,52864.5820,50464.5117,50514.7695,53663.5430,52159.8242,53246.4180,51608.3516,53159.4336,52669.9531,52257.2852,55311.2266,53793.2070,51372.6211
46376.9727,46227.2227,47834.7500,48400.5391,46726.3320,46937.4961,47392.8320,46490.3047,45592.1641,47029.9336,46144.1875,46158.1094,46768.8359,46124.2891,47627.1641,47291.6445,47538.9336,46912.1875,47636.3633,47293.8906,48157.5625,48277.0039,46610.7969,47839.9648,47409.4844,47292.1953,48912.1172,46268.3633,48456.0781,46713.6523,47764.9805,46720.2031,48463.5938,48392.5703,47570.8438,47319.0586,46979.6094,47954.2383,47910.0625,47897.0234,47687.0117,44909.3359,47348.9883,47328.1016,46021.8281,46850.0000,46378.1055,47649.4570,46993.3594,48476.4141,46464.0195,47637.7031,47517.2500,46927.9258,46881.8555,47815.7188,46754.1992,47580.2969,48368.9609,48009.6367,48407.6250,47005.6992,47092.8047,47910.0703,47177.6680,48386.2266,47321.8203,47056.2969,48058.4648,47140.9297,47310.7695,46268.6211,47383.1836,48459.5938,47640.2383,48216.3789,47065.0430,46707.4336,47666.3242,48778.9375,48701.1406
43028.8242,45530.8438,45434.4609,46532.3906,46607.0391,47217.6680,43432.9062,45639.8320,45737.5859,44534.5703,45646.2188,44740.9648,44889.6680,44096.0898,44751.4102,45788.2734,45982.8477,46458.1133,45856.0391,45608.1289,46073.5742,44961.6562,46072.6016,45824.3281,45782.2617,46628.5312,47350.4961,45983.4727,46240.2188,45869.1680,46255.1523,46277.8125,46611.5703,46107.3242,45984.4922,45441.4766,45090.3594,45392.2500,46899.6328,45135.2383,44788.3789,44572.0859,46076.2188,45313.6641,45192.0195,46289.8594,46165.2695,45129.7930,45327.5508,46904.8711,45905.9375,47023.1367,46682.6328,45878.8320,45610.2344,45821.1094,45994.0430,45022.1289,46163.8047,46799.7734,47923.6953,45117.2188,45663.0352,46988.8438,46711.1406,47427.7266,46125.7891,45643.9688,45252.3633,47254.6602,45513.2070,46675.6094,46765.5820,46944.1211,45947.0039,46755.2148,46972.0234,46362.9336,46121.6406,47194.4219,47374.9531
46722.8516,46697.0508,48014.8594,47497.3516,49108.0938,49338.1523,45961.3047,47332.3047,49170.6797,46173.4414,47925.0312,46225.7930,47230.2461,45654.2305,46275.2344,46473.6016,47046.4961,48317.3867,47184.3555,47215.4023,46888.0625,46708.7812,47453.1914,46887.6875,46611.1445,46513.4023,47937.0508,47778.9922,48735.9648,48262.4648,47114.6914,47971.1055,48200.1562,47091.0664,46244.6172,48287.6055,46854.8008,46219.0742,47081.7891,46880.0039,47197.0234,45589.8867,47677.8164,46650.1914,45414.5820,46471.4453,47478.0938,45313.4961,46971.8750,48315.9062,47052.4180,48743.8984,48571.8828,47212.6953,47506.2227,46697.5625,46509.3398,46077.3242,47026.6836,47633.9180,48249.1484,46746.2383,47195.5781,48390.6172,48370.6172,47525.2031,47247.2109,47012.7227,46542.9453,48383.4258,46888.6992,48709.4258,47385.1992,50163.2930,47471.7422,48486.6641,50051.5078,48694.1992,47867.2070,47121.4922,47405.1758
42458.9531,41875.3672,43544.4961,43639.5742,43109.1914,43415.1172,43366.8242,42624.6641,42648.7227,43288.0664,42140.3125,42233.7578,42622.1953,42487.8398,42913.8281,42477.2539,43355.2070,42985.1758,42804.0156,43141.4375,43170.8398,43826.8086,42500.5039,43084.2227,43342.9297,42632.3672,43605.4023,42384.3750,43547.7344,42859.5781,42962.7422,42670.1523,43645.9609,43692.0000,43062.9883,43316.2852,43010.3320,43357.9766,43180.9805,43895.0703,43671.4531,41587.5898,43085.6758,42739.7109,42105.3633,42060.2852,42340.7578,42905.7266,42748.4023,43613.0664,42674.9414,42674.4258,43352.1484,43015.9766,43029.7773,43215.8164,42466.4180,43415.5234,42629.0898,42901.9023,43839.0820,42784.8164,42668.9219,43272.5625,43111.1250,43222.2695,43227.0820,42553.4258,44039.7227,42905.9688,43009.6914,42453.6719,42560.8906,43820.6172,43394.3438,42942.2266,43660.1641,42687.9180,42976.9648,43484.7969,44075.8203
42172.4766,41674.5977,41122.9922,41719.0977,40499.3906,41264.9375,40323.0430,41334.5898,39545.0078,40277.2852,39617.8867,41021.2539,40963.3438,41140.1602,40754.9609,40960.9219,41473.4922,42508.3125,41933.0312,42338.3828,42684.1836,43023.6328,42246.7109,42205.2070,42338.7227,44271.0391,44306.5898,43563.7852,42746.6484,42077.2227,42911.6523,42400.0742,44071.9180,43208.3867,42629.2695,43412.3711,41869.5664,42826.6016,43876.7812,42642.5898,44132.2656,43505.1719,43924.7695,42831.3750,42443.5039,43532.3945,41855.8672,42241.2734,41956.6484,42713.7539,42780.6055,42677.8359,43275.2539,42779.2734,42920.9648,42420.0352,41539.5820,42217.7930,41835.6953,43139.5234,43834.5039,42892.6836,43014.2500,43288.8125,43625.4102,43304.9141,43605.0391,42818.7617,44372.6992,43471.3828,43222.0820,45872.6914,43812.9414,44151.7305,44010.5508,44490.7148,45299.3672,44621.5703,45565.8281,45052.1523,44098.8711
39377.5664,42655.2773,44287.6758,44155.4844,45115.5000,44244.0195,43806.9727,43987.3242,44808.4922,43925.5938,43100.0508,43556.5508,42570.2266,43400.4062,43842.4648,43659.7969,43609.0586,42918.2383,43710.8906,43004.0312,43821.3945,42954.9766,43059.2344,43155.5625,43229.7188,43698.3047,41924.7461,42295.6289,42091.9492,41716.0508,43003.2852,42712.7383,42638.9219,42535.3672,43996.2422,42654.9844,42921.1641,42258.5586,44023.5859,41048.8438,41066.9414,42333.9297,40752.5391,42491.4453,42481.7500,42492.8984,42437.8789,42413.5430,42687.6602,43486.1016,42478.2266,42485.7148,41504.6602,43092.3164,42359.0352,43548.0156,43197.2422,43150.1797,43637.3633,43144.3125,44312.7578,42868.6367,43151.0938,41922.0820,42303.4922,43886.3828,43525.0117,41794.7812,42352.4844,42169.8672,42541.4961,41252.9219,41868.7656,41920.5117,42730.3359,42189.0391,42410.5352,42486.5938,40931.4102,41909.9805,44320.8945
44511.9766,45192.3008,47013.0703,46636.6094,47150.1484,47137.7812,46177.8789,46272.9062,46128.1016,46359.1953,46289.4922,45997.7383,46155.6797,45047.6250,46267.2148,46223.2500,46312.5430,46418.1562,46599.3867,46347.7617,46594.0078,46199.2227,46044.6406,46158.9961,46644.2773,46233.1328,46195.9062,45679.9102,47028.1953,45923.0000,46617.8945,45850.2773,47141.8945,46212.2852,46322.7305,45836.7734,45555.2266,45642.6406,46367.5508,46212.0820,45848.5234,44787.2109,45187.9062,45904.2812,45345.2773,45481.5000,45876.4492,45645.3242,45840.6016,47558.3203,45516.3164,46652.9922,46088.0742,46114.5156,45785.9531,46323.8828,46191.8359,45807.1406,46830.9219,46142.3750,47060.3438,45670.1484,46175.5547,46165.8398,46124.5195,46561.2227,45851.5586,45786.0195,45975.5234,46225.1641,45947.1133,44862.0273,45375.4727,47513.2617,46055.7891,46338.8398,45887.0977,45506.3164,44965.0664,46312.1641,47077.3789
40596.0547,43095.7500,44197.7070,43519.3477,44958.0859,44947.7695,43806.8867,44952.1992,43225.0273,44310.1289,43451.0430,43799.1211,43566.7383,41984.2812,43657.2500,43657.3711,43660.3789,44135.3633,44224.3398,42699.8203,44405.3438,43258.6992,43787.0312,43522.6211,44679.7344,45737.2500,41703.8594,42499.4414,43760.0703,43161.3594,44461.0195,42935.5664,44145.1641,43195.5000,45168.7188,43288.7773,43809.3945,44204.8320,44697.5977,43683.0547,41000.0234,43674.7539,40965.8633,43431.5898,43967.6445,43999.0664,43311.1992,43049.8867,43116.1094,44510.4805,42930.9492,43573.8555,43087.9180,44511.5898,43775.9375,44791.5859,44332.3984,43923.6797,45142.6680,43332.9844,45242.9375,43369.4727,44932.1250,41746.2266,41951.7930,43632.0859,43293.8281,43377.7930,42755.4883,44108.9766,44619.5859,41402.2539,43105.9961,43557.1641,42092.1328,42592.0820,42452.0703,42425.5156,41548.7891,42768.7852,44574.2461
43183.6602,43634.8203,44199.7500,44083.9180,45221.9688,46135.0312,44099.2344,45546.3633,43624.5312,45263.1992,44614.0859,44921.7227,45789.1875,43540.5352,44291.0781,45062.0117,45349.2266,45657.1367,45212.4141,44680.0625,45230.9375,45033.7109,45227.7891,44215.5391,45904.1914,46117.0352,44323.5039,44935.1680,45150.1875,44953.6680,46505.5000,44476.9609,45369.0469,45200.9414,45946.6680,44658.6836,44721.6211,45085.8516,46107.5352,45873.9023,44568.9336,45414.7148,44335.5469,45715.1484,45859.9453,45474.2539,44624.6367,44611.9062,44685.5234,45644.3242,45244.7148,45015.4453,45343.6484,45392.1016,45168.9609,45359.7148,45437.5820,44933.9375,45467.8594,44492.7578,45865.9180,45105.7812,45579.5078,44303.0859,44844.3594,45134.0156,44054.2656,45274.3984,45304.9336,45814.7109,46096.1562,44471.6445,44150.8438,45413.5469,45004.4062,45056.6172,45323.9180,44420.0156,43890.6016,45954.0547,45611.2227
53870.8477,53086.0000,53549.7969,53150.3438,52036.9297,51557.5977,52833.1445,53266.0391,50911.0586,51744.6445,50491.2539,53391.9609,51736.5195,53543.4766,53481.1172,52433.1016,52485.1250,53990.0234,53924.1172,53907.3594,55039.9062,54742.7539,53896.2344,54294.1680,54122.4297,57263.7578,54977.0781,55767.6914,54363.2031,52413.8047,54624.9766,53300.2656,56329.4727,54368.4844,55107.9375,55962.7812,52758.1562,53773.0938,55853.5391,53100.4180,55679.1523,56540.5234,54143.4531,55155.9727,53883.3750,55690.1875,52911.5078,53777.7305,53446.5977,54497.3359,53825.4414,53820.3438,53497.5156,54686.8398,54526.1055,54040.0234,52657.9570,53515.2383,53986.1836,54249.5625,55422.8750,55110.6445,55783.6211,53199.5781,54659.8750,54763.2500,55973.6680,54051.5195,56099.1211,54467.5234,55354.9492,57119.1055,55111.2930,56183.3164,55757.6562,56802.9648,56589.0352,56605.2305,57241.9414,56109.4609,56038.1875
41842.6133,43501.4688,44452.9414,44017.2461,44503.5391,44686.3789,43688.9531,44089.3398,42947.9805,43989.1289,43555.6250,43754.1016,43692.8906,42753.7617,43560.1641,43703.0430,43644.1758,44086.6133,44050.4219,43822.4453,44462.5352,43997.6641,43795.2188,43686.2383,44275.7695,44717.3672,43485.4219,43319.0234,44209.5898,43576.8945,44364.4609,43452.6406,44837.2031,43905.2383,44338.1836,43773.8906,43326.9961,43760.1172,44854.4297,43668.0781,43256.4102,43457.4805,42769.3203,43228.0977,43538.6875,43415.0273,43496.6172,43478.9531,43560.0898,45311.6719,43330.9102,44386.4062,43604.4570,44134.8984,43866.6172,44142.0352,43781.5508,43819.9297,44611.9766,43673.8086,45354.3359,43823.5039,44336.7734,43478.3906,43653.2383,43875.9219,44015.7539,43712.4531,43935.7734,43835.8945,44685.2031,43554.2148,43234.6172,45054.8594,43618.5859,43847.1562,43998.8242,43548.5352,43082.2969,44174.5000,45226.9805
38863.2617,42392.5977,43665.4336,43423.9375,44659.5195,44059.9766,43544.3242,44125.5703,43676.3516,43661.0391,42798.7305,43262.0391,43251.4102,42273.6719,43791.3516,43942.5039,43430.7539,42748.4922,44180.2617,42384.4180,43979.8086,43074.7461,43001.1016,42902.7148,43162.1367,44270.7500,41584.9609,41701.8086,42123.2695,41470.0195,43644.4609,42361.8594,42505.8633,42479.4219,44240.6719,42265.3086,43176.1680,42771.0586,44252.2617,41105.2422,40254.6172,42124.8945,40275.5352,42765.6367,42863.3320,43062.5625,41890.7188,42168.9180,42587.1367,43081.6680,42170.5234,42512.1445,41475.0000,42832.4531,42133.1055,43991.7344,43345.8125,43118.5938,44611.5352,43461.6797,44020.8945,42780.7031,43580.4414,41506.4883,41551.8945,44193.9961,42700.9258,42123.1797,41902.3008,42149.8438,42651.5742,40716.4219,41941.7734,41403.3086,42366.3281,42336.9258,41719.7539,42211.2812,40693.6172,42103.3320,43736.2617
