timestamp,median,pcap,value0,value1,cluster
0.28177332878112793,0.0,,74.276281745654,81.23233005311292,ones-solvers-cg_identification
1.2797765731811523,129.61247037895865,120.0,108.6609657834302,110.69303331427422,ones-solvers-cg_identification
2.2847113609313965,183.2483513464921,120.0,109.00508117567144,110.96689113398354,ones-solvers-cg_identification
3.2791383266448975,181.24495611690938,120.0,112.7935947032809,112.90032953650268,ones-solvers-cg_identification
4.279702663421631,181.55114230165805,120.0,113.85337423358752,113.7423538768204,ones-solvers-cg_identification
5.278949975967407,180.33363128036515,79.0,100.59725658489312,102.67193329779526,ones-solvers-cg_identification
6.278531312942505,142.66728365130217,79.0,67.26149693646948,74.82036632329978,ones-solvers-cg_identification
7.281540155410767,144.95808003377363,79.0,67.94292472523156,74.4866951559599,ones-solvers-cg_identification
8.27895998954773,153.84707648926536,79.0,70.10311102644981,76.1604108600198,ones-solvers-cg_identification
9.279086112976074,152.54892640199085,79.0,65.82643786882423,70.99447369631484,ones-solvers-cg_identification
10.27925992012024,162.78184321129422,110.0,79.09518521157095,84.13183409382705,ones-solvers-cg_identification
11.279297351837158,185.2840436929764,110.0,104.16019499268992,104.21909178405625,ones-solvers-cg_identification
12.279261589050293,188.8083966070206,110.0,104.07071452804507,104.09043023287644,ones-solvers-cg_identification
13.278713464736938,188.84709881402674,110.0,104.24627902247155,104.13354621671547,ones-solvers-cg_identification
14.278482437133789,188.78357296670816,110.0,103.783412968397,103.84446207073115,ones-solvers-cg_identification
15.286275863647461,192.88747714331396,75.0,91.7926162452946,92.03068981890172,ones-solvers-cg_identification
16.288503646850586,170.26022948690192,75.0,70.80387766153831,70.97153316698643,ones-solvers-cg_identification
17.28346538543701,171.06323693591844,75.0,70.9909732710854,70.97342887803845,ones-solvers-cg_identification
18.286606073379517,171.32311714128164,75.0,72.2601070687227,72.34498448997341,ones-solvers-cg_identification
19.279051303863525,171.42231252792266,75.0,69.53484638068956,69.43718457012855,ones-solvers-cg_identification
20.279025316238403,171.16192687173535,72.0,69.85149113877455,69.97423533012274,ones-solvers-cg_identification
21.289673328399658,157.36705061430473,72.0,68.13135532846273,68.12555805778916,ones-solvers-cg_identification
22.28871989250183,157.2883053648738,72.0,68.10455869671358,68.12801806522492,ones-solvers-cg_identification
23.305211782455444,157.33329269816733,72.0,68.26306552338741,68.32106991497115,ones-solvers-cg_identification
24.306434869766235,157.30968923404205,72.0,68.15438718447751,68.1410974378369,ones-solvers-cg_identification
25.280251502990723,163.2757382574925,96.0,76.18501119435075,75.74960073339652,ones-solvers-cg_identification
26.280106782913208,218.59912950775959,96.0,89.54917124254268,89.50149534145642,ones-solvers-cg_identification
27.280258417129517,209.79387285966732,96.0,90.89871584454367,90.90799243913732,ones-solvers-cg_identification
28.27877163887024,209.68376155639658,96.0,90.80457169697527,90.87932784066524,ones-solvers-cg_identification
29.27916193008423,209.74216689283912,96.0,90.86927326610434,90.78599376593408,ones-solvers-cg_identification
30.303645133972168,204.76453041883727,83.0,87.18621412307078,87.18353374738771,ones-solvers-cg_identification
31.287132263183594,184.80409512576747,83.0,78.41314973834031,78.41712132006728,ones-solvers-cg_identification
32.27875638008118,184.77152972763673,83.0,78.65698389712276,78.69052786137946,ones-solvers-cg_identification
33.28304886817932,185.02957709146284,83.0,78.43454073390242,78.45052512090602,ones-solvers-cg_identification
34.30097723007202,185.0592372146022,83.0,78.47357807389382,78.40132641962897,ones-solvers-cg_identification
35.30190968513489,183.20688110737672,44.0,65.16770211777735,65.24465635794014,ones-solvers-cg_identification
36.3404266834259,85.15661672148455,44.0,41.620486713264256,41.54902038194575,ones-solvers-cg_identification
37.291248083114624,84.86180214286036,44.0,41.48167873780813,41.54086334817118,ones-solvers-cg_identification
38.32337760925293,84.60380243439974,44.0,41.72354147420703,41.68758765252366,ones-solvers-cg_identification
39.35122990608215,84.84890738669225,44.0,41.67276765702229,41.654774798616536,ones-solvers-cg_identification
40.28708243370056,84.9215568498559,71.0,50.26665740595125,50.33781071268206,ones-solvers-cg_identification
41.27843618392944,153.65967161014524,71.0,67.00329019787446,67.08394455561684,ones-solvers-cg_identification
42.27883458137512,154.06216769667307,71.0,66.39152497729557,65.9088683159824,ones-solvers-cg_identification
43.27928328514099,151.0211418255065,71.0,66.88381588761811,66.79108450082398,ones-solvers-cg_identification
44.30439019203186,163.20193911327118,71.0,67.2780371410134,67.2543400967769,ones-solvers-cg_identification
45.300875663757324,163.28527323717526,101.0,76.28432425760205,77.24534175358495,ones-solvers-cg_identification
46.279773473739624,214.8896449738592,101.0,95.62577296759994,95.60114424617976,ones-solvers-cg_identification
47.27924585342407,214.78435485480543,101.0,95.61806452904273,95.62014162470044,ones-solvers-cg_identification
48.2791543006897,214.73587110014097,101.0,97.048609947807,96.9992884348986,ones-solvers-cg_identification
49.2908411026001,215.00555924087342,101.0,94.05383237450114,94.0351902404574,ones-solvers-cg_identification
50.28042793273926,214.7806053214097,76.0,88.58501389594765,88.67833163691873,ones-solvers-cg_identification
51.30289077758789,172.04969939662152,76.0,70.48499261098472,70.51812241615723,ones-solvers-cg_identification
52.28029990196228,172.04381681163647,76.0,71.81918725937649,71.83979480442797,ones-solvers-cg_identification
53.27937936782837,172.19903269030448,76.0,71.9497737667489,71.93517232613192,ones-solvers-cg_identification
54.28699588775635,172.03266291251003,76.0,73.39162866031064,73.38648086846477,ones-solvers-cg_identification
55.2801558971405,172.3796772396409,120.0,84.02587800555573,83.87469793386542,ones-solvers-cg_identification
56.28012251853943,230.05461410310102,120.0,113.53070689600496,113.59296396605691,ones-solvers-cg_identification
57.28183674812317,230.08306381783672,120.0,115.02268037017944,115.0761167668332,ones-solvers-cg_identification
0.38382744789123535,0.0,,83.89288538982497,83.70845454238686,ones-stream-full_identification
1.3910472393035889,37.37755815870498,120.0,107.338231800936,107.77017130571733,ones-stream-full_identification
2.3838181495666504,44.7023364177202,120.0,113.2591977404667,113.08465799262754,ones-stream-full_identification
3.384803533554077,44.90833752690129,120.0,113.59043102783532,113.50195519864124,ones-stream-full_identification
4.38594913482666,43.33854102087208,120.0,114.600247116818,116.37128450795512,ones-stream-full_identification
5.385195255279541,42.61785105358243,79.0,99.50381175000074,99.31568285379052,ones-stream-full_identification
6.383840560913086,20.865237695488606,79.0,65.23669510352931,65.48367163322976,ones-stream-full_identification
7.383827209472656,35.85646985643483,79.0,70.73514892450014,71.00376755085973,ones-stream-full_identification
8.384766340255737,25.79697273493287,79.0,70.50425924845158,69.60044737968724,ones-stream-full_identification
9.38454818725586,38.424510512129565,79.0,74.59557613336769,75.71965974565468,ones-stream-full_identification
10.38462495803833,33.057220835061415,110.0,77.0247133532641,75.56499038698938,ones-stream-full_identification
11.383757591247559,47.47415935854541,110.0,104.20344643890375,104.20252964383056,ones-stream-full_identification
12.384683609008789,46.4930343096828,110.0,102.75242725236444,103.05695426035616,ones-stream-full_identification
13.384458780288696,47.046028633857226,110.0,103.20618539172004,103.17376809782183,ones-stream-full_identification
14.385130167007446,43.92005746681103,110.0,104.68181815912266,104.69346833601377,ones-stream-full_identification
15.38409423828125,45.775752178392445,75.0,93.14404923498198,93.60937431178492,ones-stream-full_identification
16.38360619544983,37.77257049198044,75.0,68.2958493745208,67.1308548571715,ones-stream-full_identification
17.38622808456421,9.254816103728071,75.0,58.53643047926353,59.78236663468524,ones-stream-full_identification
18.38482165336609,9.581023911990716,75.0,60.64104462929348,62.66042088197022,ones-stream-full_identification
19.383960247039795,29.6494098223338,75.0,64.04848376875617,65.36944177408566,ones-stream-full_identification
20.38386869430542,9.260922031906047,72.0,59.13392075375853,59.06024501241967,ones-stream-full_identification
21.38379144668579,34.1053701493933,72.0,64.87728277009417,63.3447583825868,ones-stream-full_identification
22.386251211166382,34.44708734130461,72.0,67.2015330291313,67.38473639465333,ones-stream-full_identification
23.384089708328247,34.19769055942274,72.0,67.2080862784815,65.2397266691942,ones-stream-full_identification
24.38375163078308,34.878416697850405,72.0,67.27592426240936,67.61881215851093,ones-stream-full_identification
25.387476682662964,35.33592815380209,96.0,73.14288176542303,72.15413584397868,ones-stream-full_identification
26.384634256362915,44.96726868836747,96.0,90.84680704903847,90.01032434695608,ones-stream-full_identification
27.38403034210205,45.14198136763617,96.0,90.77240584001562,90.94126979163848,ones-stream-full_identification
28.38484239578247,45.633116317933364,96.0,90.95935500373248,90.92983797156634,ones-stream-full_identification
29.384626150131226,45.158311800172264,96.0,90.805254337558,91.0151997907539,ones-stream-full_identification
30.384734630584717,44.860593562960716,83.0,87.82988450006991,88.93132471843803,ones-stream-full_identification
31.384079217910767,42.02804998669363,83.0,77.84617816978113,77.16732818362372,ones-stream-full_identification
32.38491344451904,42.495222926709666,83.0,78.39771370734624,77.8331836665265,ones-stream-full_identification
33.38943886756897,42.23709465297401,83.0,78.83923802831488,79.91068121217333,ones-stream-full_identification
34.38437747955322,41.99720308820669,83.0,77.94669720789862,76.77248292231167,ones-stream-full_identification
35.40921092033386,38.082744519079036,44.0,65.54211001104173,66.21294873752689,ones-stream-full_identification
36.449875354766846,16.85505263305947,44.0,42.66063141884718,42.58385833855662,ones-stream-full_identification
37.38376045227051,17.893063207762484,44.0,40.505489298604495,40.5794073736561,ones-stream-full_identification
38.39506125450134,17.68949883385982,44.0,43.78360245455392,43.11917597213392,ones-stream-full_identification
39.41497826576233,17.19653634216741,44.0,39.472452170115474,40.14604619787693,ones-stream-full_identification
40.38806867599487,18.361868750063067,71.0,48.5099073519033,47.4955535995884,ones-stream-full_identification
41.38372302055359,34.492702493220584,71.0,69.08833362583549,69.52032495216258,ones-stream-full_identification
42.39451217651367,33.7391199425656,71.0,60.1553785816495,57.17213059003099,ones-stream-full_identification
43.38475942611694,34.37735717608103,71.0,68.35698559122532,67.48705436949969,ones-stream-full_identification
44.402649879455566,34.771071802364744,71.0,64.04117731719481,64.32977515754378,ones-stream-full_identification
45.38416886329651,35.23063515962462,101.0,73.93045371512034,71.98352859190804,ones-stream-full_identification
46.384652614593506,45.54590312043923,101.0,95.7837416149852,95.84566166117312,ones-stream-full_identification
47.384191036224365,45.53700237548259,101.0,96.01454871787134,97.07472725530889,ones-stream-full_identification
48.38457989692688,45.402334684263394,101.0,95.10851078931894,93.94765036400965,ones-stream-full_identification
49.38453435897827,45.561933232816116,101.0,95.4179526623333,95.44712798254132,ones-stream-full_identification
50.384894132614136,42.36473860810508,76.0,88.5946322297349,89.80342366918963,ones-stream-full_identification
51.383891344070435,32.585976770384185,76.0,67.27311393326758,69.73975397323652,ones-stream-full_identification
52.38445043563843,29.753870891463702,76.0,67.68322715522336,69.28346322319088,ones-stream-full_identification
53.384440660476685,29.630047106242706,76.0,68.95197228171583,71.27651294600312,ones-stream-full_identification
54.40015530586243,29.554488165673526,76.0,66.70066571348262,68.70589208239697,ones-stream-full_identification
55.3845534324646,29.976800752820097,120.0,80.0328952313876,84.32817112590499,ones-stream-full_identification
56.384629249572754,47.928658437643556,120.0,113.67017648414298,113.62379299768268,ones-stream-full_identification
57.38682436943054,47.64847523087691,120.0,113.24384744388809,113.35669770935174,ones-stream-full_identification
58.384716749191284,47.683352735739234,120.0,113.63482439241672,113.74027162244607,ones-stream-full_identification
59.38411855697632,47.85472568245659,120.0,114.03894079632065,113.9966174764051,ones-stream-full_identification
60.38494157791138,45.22453204519969,70.0,97.58624551994188,97.53995761488078,ones-stream-full_identification
61.38414645195007,34.509446420233544,70.0,65.69941846255107,65.17721518037452,ones-stream-full_identification
62.39191007614136,34.539163119032466,70.0,65.65453361463224,65.19478697264098,ones-stream-full_identification
63.390448331832886,34.179158662024484,70.0,65.86191365227903,66.3894157284406,ones-stream-full_identification
64.384694814682,34.34596920632906,70.0,65.58782454855111,63.78491551139408,ones-stream-full_identification
65.39013814926147,36.00855935422806,82.0,68.98382380108342,68.45617890418016,ones-stream-full_identification
66.38409423828125,41.85086840106424,82.0,77.61735931973804,77.6134295683114,ones-stream-full_identification
67.38491749763489,41.65950540620537,82.0,77.66858733546925,77.72353509972753,ones-stream-full_identification
68.38814234733582,41.744835520946545,82.0,77.60815669466433,77.47893443644459,ones-stream-full_identification
69.38331770896912,39.40459593017794,82.0,77.34869913615408,77.42640605259994,ones-stream-full_identification
70.38463759422302,40.640510826143654,112.0,84.80062617344183,84.88663264491034,ones-stream-full_identification
71.3839328289032,44.85378128254978,112.0,105.78857850071373,107.2132855630017,ones-stream-full_identification
72.38327956199646,44.31448537009528,112.0,104.70509360238954,103.32919779846029,ones-stream-full_identification
73.38518714904785,46.92602023691783,112.0,103.79409182133992,104.42929201815338,ones-stream-full_identification
74.38471221923828,47.1467175043951,112.0,106.0449988857044,105.90925337266412,ones-stream-full_identification
75.39741849899292,46.751945069888755,66.0,94.31732745798465,94.23005733400043,ones-stream-full_identification
76.39760255813599,33.954689884356796,66.0,62.28200554047978,62.06982563462652,ones-stream-full_identification
77.3849470615387,33.48743889265107,66.0,64.52202245518029,64.39047566477689,ones-stream-full_identification
78.3844051361084,34.22119781829159,66.0,62.20889666978885,61.979464374823095,ones-stream-full_identification
79.38909816741943,33.30319271416435,66.0,61.58972282818629,60.38814951138211,ones-stream-full_identification
80.42353987693787,28.770213943236563,54.0,56.77943489810487,57.12855460445018,ones-stream-full_identification
81.39742279052734,27.174264489030456,54.0,51.8093476858592,52.13480370198791,ones-stream-full_identification
82.38434720039368,26.5427000208833,54.0,50.35847017678176,50.10961020827773,ones-stream-full_identification
83.39499187469482,26.836446465361696,54.0,52.69002881575564,52.62655745255538,ones-stream-full_identification
84.3855471611023,28.04391489816932,54.0,49.50650115011709,48.76105882002788,ones-stream-full_identification
85.38394451141357,26.43657740258758,52.0,50.45269466954797,50.45214478809496,ones-stream-full_identification
86.40154147148132,26.429081224362058,52.0,49.09289335563619,50.15345171025537,ones-stream-full_identification
87.40705919265747,24.596029021025775,52.0,49.30065928720367,49.03181868246404,ones-stream-full_identification
88.41256809234619,26.198789887691916,52.0,49.10089815210383,48.35597990669237,ones-stream-full_identification
89.38810586929321,25.548972872798224,52.0,49.274142389660376,49.25781293445801,ones-stream-full_identification
90.38565874099731,23.676247146092894,47.0,48.423177515368685,48.9668649184534,ones-stream-full_identification
91.38579773902893,19.64095313716649,47.0,45.38781144117784,45.41423677464964,ones-stream-full_identification
92.40353894233704,18.992258857817525,47.0,44.00513981453813,43.69832796359588,ones-stream-full_identification
93.39089775085449,20.00221095773017,47.0,43.35149711288052,43.72029315585827,ones-stream-full_identification
94.39176344871521,19.136349502607676,47.0,44.47894523343196,43.765209328718434,ones-stream-full_identification
95.38382983207703,20.66433332239558,84.0,55.77695950824725,55.31252189243372,ones-stream-full_identification
96.38354969024658,41.994273013075954,84.0,79.40974658148839,79.36933025480583,ones-stream-full_identification
97.38446736335754,42.11334637273133,84.0,79.60498142955198,79.54144072813001,ones-stream-full_identification
98.38446760177612,42.499959468880206,84.0,79.54028322985218,79.55914422042943,ones-stream-full_identification
99.38460230827332,42.266292605849536,84.0,79.46290537351013,79.51050595932071,ones-stream-full_identification
100.38500595092773,42.21439412543832,103.0,84.11074331505611,84.13825921240809,ones-stream-full_identification
101.38488936424255,46.03712118717552,103.0,97.50360216966791,97.55194680180384,ones-stream-full_identification
102.3846423625946,45.77505276736739,103.0,97.51944330249516,97.47615861117676,ones-stream-full_identification
103.384192943573,46.118315582990455,103.0,97.67799425841076,97.6728049258142,ones-stream-full_identification
104.39190101623535,46.46039100546694,103.0,97.06777459342364,98.32856045600585,ones-stream-full_identification
105.3854193687439,46.18710941462116,53.0,84.5096524397043,83.20831348593534,ones-stream-full_identification
106.38383936882019,26.64251186249039,53.0,50.002264076668176,50.00434235984363,ones-stream-full_identification
107.40437984466553,26.35639507848534,53.0,49.895642554132415,50.70578188714748,ones-stream-full_identification
108.43382382392883,26.68483133914976,53.0,50.13312331703756,50.21357936905776,ones-stream-full_identification
109.38884353637695,26.260793637271515,53.0,50.12526445795474,49.19403635213542,ones-stream-full_identification
110.38523936271667,28.03223183394858,86.0,57.53031324895896,57.31971525377786,ones-stream-full_identification
111.384526014328,42.035602396477046,86.0,81.43197771609827,81.48090162330757,ones-stream-full_identification
112.38353633880615,43.04481508696598,86.0,81.33403569479933,81.23634405335467,ones-stream-full_identification
113.38475370407104,43.113662154827885,86.0,81.60518948441286,81.65475016904341,ones-stream-full_identification
114.38479113578796,43.130154368848174,86.0,81.36366352169075,81.36311454242532,ones-stream-full_identification
115.3854398727417,42.85896717802279,48.0,73.51372235105994,73.31146151720782,ones-stream-full_identification
116.38538694381714,21.236162925519277,48.0,43.53228621118274,43.531126149685136,ones-stream-full_identification
117.38459825515747,21.419144419799782,48.0,45.311136158635456,45.284626248955256,ones-stream-full_identification
118.38453674316406,21.30207338447058,48.0,46.64435062756996,47.24997687357568,ones-stream-full_identification
119.38451313972473,20.312345616458728,48.0,44.06725656369795,43.44816516984186,ones-stream-full_identification
120.38648772239685,21.162369300474783,44.0,45.08360768753296,45.84997568550182,ones-stream-full_identification
121.38660931587219,17.93690890857501,44.0,43.23669093288389,43.4147082592693,ones-stream-full_identification
122.46387696266174,17.88021042041453,44.0,39.46795003745152,39.13831781296576,ones-stream-full_identification
123.3849561214447,17.98454477035176,44.0,43.23509208491317,43.50472353363528,ones-stream-full_identification
124.40552639961243,8.937371105126646,44.0,40.09170265347213,39.2409792466518,ones-stream-full_identification
125.4062111377716,18.408463592813582,48.0,42.56040876012097,43.41803450087632,ones-stream-full_identification
126.3984956741333,21.13798160514048,48.0,45.55134742100319,44.66671705544309,ones-stream-full_identification
127.4096360206604,20.140799921087044,48.0,45.18619548575312,45.80424723474239,ones-stream-full_identification
128.38654613494873,21.088738236698987,48.0,45.72222576228321,45.69967200159722,ones-stream-full_identification
129.3846926689148,20.62270978211767,48.0,46.50043756104251,46.52556914240787,ones-stream-full_identification
130.38452887535095,22.75701419632881,89.0,56.18074759740296,54.82139800392186,ones-stream-full_identification
131.38451719284058,43.677108564216525,89.0,84.30112953827111,84.24607389136654,ones-stream-full_identification
132.38585233688354,43.92962552551483,89.0,85.0447737047083,86.33479687876924,ones-stream-full_identification
133.3846869468689,43.35274132857275,89.0,83.48859282710875,82.12329623258209,ones-stream-full_identification
134.38476705551147,43.20621695901372,89.0,84.29825606492909,84.3537316130409,ones-stream-full_identification
135.38548970222473,39.27738225950317,50.0,74.09672711466978,74.49841389595709,ones-stream-full_identification
136.40673232078552,23.641294537714206,50.0,47.77659474204316,47.25872668374072,ones-stream-full_identification
137.43839025497437,23.163224281517152,50.0,46.38725682041114,47.15577331726496,ones-stream-full_identification
138.38425159454346,23.3379491469153,50.0,47.29788769284309,47.32563488417657,ones-stream-full_identification
139.39595794677734,22.96333765967468,50.0,48.60098373416909,48.538241213791295,ones-stream-full_identification
140.38463926315308,23.26472886896369,106.0,61.932098944917165,59.47139181611852,ones-stream-full_identification
141.38374614715576,46.13383782832505,106.0,100.3147521523717,100.38879328960596,ones-stream-full_identification
142.38458776474,46.19043528631809,106.0,100.31858391164474,100.25058713092903,ones-stream-full_identification
143.38473534584045,46.13192729635172,106.0,100.32952431276696,100.38737676508282,ones-stream-full_identification
144.3846275806427,46.249313588197026,106.0,101.0019937143212,102.08114672327282,ones-stream-full_identification
145.38474130630493,45.29505527021715,78.0,90.77319454911726,89.87193206772663,ones-stream-full_identification
146.3848271369934,34.49412083992113,78.0,71.15051584326699,74.28964266314449,ones-stream-full_identification
147.3847463130951,33.88220848488275,78.0,69.17117957277057,70.03184307132783,ones-stream-full_identification
148.3838198184967,29.061386632546302,78.0,68.14554284544766,71.3209018155314,ones-stream-full_identification
149.3846390247345,29.896531569418507,78.0,70.32332919338795,74.34986645936829,ones-stream-full_identification
150.38387632369995,33.82484650393454,90.0,73.61502545689794,76.19162911720204,ones-stream-full_identification
151.3848729133606,42.23488304181897,90.0,84.3171899202415,82.89539274113557,ones-stream-full_identification
152.38594126701355,42.013033714167804,90.0,85.15996886326751,85.18892992560495,ones-stream-full_identification
153.38579440116882,42.05198696798595,90.0,84.88266153059342,85.02990013784603,ones-stream-full_identification
154.38819932937622,41.97947818706638,90.0,84.9856993929491,84.98040113526893,ones-stream-full_identification
155.3858950138092,39.90157563649769,90.0,84.9238830885818,84.97784143559095,ones-stream-full_identification
156.3866319656372,41.58458091253396,90.0,85.18126640665776,85.19846473149084,ones-stream-full_identification
157.39260125160217,41.767449641706264,90.0,85.10862832039193,86.30285170247575,ones-stream-full_identification
158.38475370407104,39.80926347760061,90.0,86.02366773253486,86.08746236087673,ones-stream-full_identification
159.38457536697388,41.21882524052399,90.0,84.36237768440981,82.98042000496949,ones-stream-full_identification
160.3848524093628,40.73933387613087,79.0,81.69668359446742,82.20002204388831,ones-stream-full_identification
161.38532495498657,29.8108350029712,79.0,70.00649443302885,73.41387229880878,ones-stream-full_identification
162.38374209403992,29.49159168520207,79.0,70.94601406724941,74.11795666642419,ones-stream-full_identification
163.39207887649536,32.562575936960194,79.0,69.63383810021547,71.93599063011575,ones-stream-full_identification
164.38518023490906,37.81053741620373,79.0,73.49235337284746,75.38049619814488,ones-stream-full_identification
165.38446474075317,34.705545534281036,97.0,77.6809927503068,78.54220194549083,ones-stream-full_identification
166.38476371765137,44.33818896805429,97.0,91.98873936692785,90.8775026267162,ones-stream-full_identification
167.384681224823,44.647043545276105,97.0,91.9854417989378,92.07498718644338,ones-stream-full_identification
168.3873393535614,44.35478719916753,97.0,91.38674203966048,91.67862920357534,ones-stream-full_identification
169.38579893112183,43.62949447961504,97.0,92.35979417296444,93.28211177265824,ones-stream-full_identification
170.3844497203827,43.95807830971745,103.0,92.4513469799372,91.40305957813553,ones-stream-full_identification
171.38659596443176,44.66168615992708,103.0,97.23685639694058,97.47432273483142,ones-stream-full_identification
172.38586282730103,44.947126121453465,103.0,98.09851120873694,98.07016943419642,ones-stream-full_identification
173.38423442840576,45.216828841804315,103.0,97.0162018847536,96.85566344792475,ones-stream-full_identification
174.38445162773132,45.22443451989451,103.0,97.1573555644929,97.10054390683348,ones-stream-full_identification
175.38458943367004,44.705576387275286,104.0,97.62491316823044,97.70272145012332,ones-stream-full_identification
176.38381695747375,45.34774899450763,104.0,98.28068683057884,99.2707076216334,ones-stream-full_identification
177.39430212974548,16.28203714902238,104.0,93.03760346821112,94.48784729910837,ones-stream-full_identification
178.38601851463318,44.89824230876277,104.0,98.47645432855178,97.48262872570936,ones-stream-full_identification
179.3846881389618,44.8759527691827,104.0,98.55357789701212,98.43140637833604,ones-stream-full_identification
180.38417506217957,43.22759729096467,94.0,94.59705428884884,95.31354484850428,ones-stream-full_identification
181.3852276802063,43.976145142214875,94.0,89.03155428911143,88.98637484047877,ones-stream-full_identification
182.38397598266602,43.27754642145189,94.0,89.13276694099774,90.53106025467751,ones-stream-full_identification
183.38464307785034,44.38097576047438,94.0,88.66936836397502,87.41190940345123,ones-stream-full_identification
184.384761095047,43.61543004983071,94.0,88.69731371697839,89.63769175237074,ones-stream-full_identification
185.385267496109,44.1061581780484,42.0,75.3012247549612,74.66885589170728,ones-stream-full_identification
186.43001747131348,15.147005584401484,42.0,39.87427231394709,40.15025125628038,ones-stream-full_identification
187.46137714385986,15.84669789935016,42.0,39.65902012876965,39.81111057244424,ones-stream-full_identification
188.44281721115112,15.691108829069469,42.0,40.73059910198656,40.8110716933994,ones-stream-full_identification
189.41430616378784,16.41471520832587,42.0,39.82650545362141,39.71140787786031,ones-stream-full_identification
190.3847095966339,15.961643441424,113.0,59.730983108837655,59.09189139056644,ones-stream-full_identification
191.3843014240265,44.19327307861702,113.0,107.3448795470717,108.86386767397906,ones-stream-full_identification
192.38488626480103,45.15704771399595,113.0,106.48616521487962,104.87364813424932,ones-stream-full_identification
193.39427733421326,45.473413966720294,113.0,106.68459034096838,108.1229216124094,ones-stream-full_identification
194.38624811172485,45.99441176599599,113.0,107.33641188511623,106.05654652619448,ones-stream-full_identification
195.38422536849976,45.461486268244514,113.0,107.07131226473196,108.37857986707331,ones-stream-full_identification
196.3845980167389,45.8252647817831,113.0,107.0851760006478,107.39707074187754,ones-stream-full_identification
197.38622212409973,46.88520998446216,113.0,105.92960084581814,104.45281651278252,ones-stream-full_identification
198.3850474357605,46.30006093414696,113.0,106.97207144092216,106.86953398505126,ones-stream-full_identification
199.38465118408203,46.697276148912195,113.0,107.17225900762422,107.09117287725029,ones-stream-full_identification
200.39842414855957,46.1483549975024,49.0,87.80399754186926,87.81639972656487,ones-stream-full_identification
201.42838382720947,21.995288893745013,49.0,46.30319679966156,46.909244754469405,ones-stream-full_identification
202.3855104446411,20.67903628607852,49.0,46.39073622976191,45.7297065748312,ones-stream-full_identification
203.39284563064575,20.962958026605534,49.0,46.246708829051634,46.89739190602622,ones-stream-full_identification
204.39436888694763,21.906336395100244,49.0,46.43165697849966,45.73496521423648,ones-stream-full_identification
205.3848910331726,21.63965227598485,62.0,49.64959082181697,49.67614853582279,ones-stream-full_identification
206.4013729095459,33.3983282139281,62.0,60.38548936429149,61.34981829486373,ones-stream-full_identification
207.39209365844727,33.76798071001011,62.0,56.7850799531592,56.522634657645376,ones-stream-full_identification
208.3850281238556,32.30520948888511,62.0,58.79336753834847,57.79572167147244,ones-stream-full_identification
209.38414669036865,33.63913534279315,62.0,58.609193003645146,58.581701770108346,ones-stream-full_identification
210.38565492630005,33.87709464725904,86.0,65.2212260857428,65.0321193060576,ones-stream-full_identification
211.3830704689026,42.6769121818796,86.0,81.2654254921876,81.28317235896182,ones-stream-full_identification
212.38406920433044,42.394199066465326,86.0,81.5451787527314,81.48365619837251,ones-stream-full_identification
213.38823175430298,42.38186179704662,86.0,81.25345182014156,81.83185336831863,ones-stream-full_identification
214.38482975959778,42.72782489155793,86.0,81.4870328858794,80.9874101693953,ones-stream-full_identification
215.38454222679138,41.418924924011556,75.0,81.0747177126767,80.85364520958487,ones-stream-full_identification
216.405827999115,35.4238177080914,75.0,67.81117135924174,66.33604453993121,ones-stream-full_identification
217.40246534347534,34.572666163857946,75.0,72.06372527622392,71.35884110320984,ones-stream-full_identification
218.39294409751892,34.03810837676633,75.0,66.96191513448545,65.63273467502654,ones-stream-full_identification
219.44210290908813,34.86645676818687,75.0,70.1116804296692,67.54883186171554,ones-stream-full_identification
220.4045422077179,34.132973367798456,65.0,66.54547702622978,65.77527672526168,ones-stream-full_identification
221.38397407531738,33.48110837266387,65.0,63.25110676391253,62.97080757010508,ones-stream-full_identification
222.40617847442627,34.05557380391195,65.0,59.32646631042062,60.24927112169448,ones-stream-full_identification
223.3836555480957,33.486387660274325,65.0,61.42811507888906,60.94176002561692,ones-stream-full_identification
224.40041971206665,34.121670652934384,65.0,61.39691314798632,61.30861045433953,ones-stream-full_identification
225.38948774337769,34.70533015872359,115.0,73.89054996487282,71.10528576025712,ones-stream-full_identification
226.39344668388367,46.67515379205356,115.0,108.66926421564794,108.88629991704876,ones-stream-full_identification
227.38468503952026,46.90726978462873,115.0,108.9446255731038,108.69734193570986,ones-stream-full_identification
228.38453006744385,46.4052787987281,115.0,108.77137537035586,108.65374316675528,ones-stream-full_identification
229.38473224639893,46.42058383432351,115.0,108.93785955235296,109.08181247387876,ones-stream-full_identification
230.3860924243927,45.659595176841336,110.0,107.1031229769897,107.0398550371849,ones-stream-full_identification
231.38431549072266,45.694364552284334,110.0,104.18853903384868,104.20841034518294,ones-stream-full_identification
232.38474774360657,45.963766432444515,110.0,104.24486022040072,104.1811057623146,ones-stream-full_identification
233.3829789161682,45.7138871208224,110.0,103.76197304931628,103.8080755816612,ones-stream-full_identification
234.38469171524048,45.798244637058296,110.0,104.83787093657575,106.3254311178516,ones-stream-full_identification
235.3964421749115,43.53457706846909,58.0,87.24492649124369,86.39553526289524,ones-stream-full_identification
236.41820788383484,26.174714038968716,58.0,54.66614828302245,54.65282624711574,ones-stream-full_identification
237.394198179245,28.941869745724702,58.0,55.53715111396277,54.58397048535959,ones-stream-full_identification
238.38379764556885,30.21071055569561,58.0,54.3206842768228,54.11382180366494,ones-stream-full_identification
239.4041736125946,28.27074318221647,58.0,54.655125169543226,55.096090068758805,ones-stream-full_identification
240.38344526290894,29.746133661142764,54.0,53.690923303699016,53.761850518475576,ones-stream-full_identification
241.38542294502258,26.16762536965175,54.0,51.29490350457539,50.679423769638056,ones-stream-full_identification
242.3883993625641,27.214682191792804,54.0,50.805738718700354,51.614121567154776,ones-stream-full_identification
243.43660521507263,25.885013206941668,54.0,51.3065598047155,51.16232857910292,ones-stream-full_identification
244.4517433643341,28.294836825145545,54.0,50.90118808939021,50.99191563316002,ones-stream-full_identification
245.38571786880493,27.577554527654133,92.0,61.7429662158887,60.52713537682323,ones-stream-full_identification
246.38762307167053,43.954300900610114,92.0,87.05650758893454,87.06436561740627,ones-stream-full_identification
247.38445353507996,43.680565535886494,92.0,87.65301924446949,88.65742169807324,ones-stream-full_identification
248.38384652137756,43.4660918587299,92.0,86.30066007583659,85.27544151186069,ones-stream-full_identification
249.38319563865662,43.88981670998824,92.0,87.03242635144498,87.01795293286798,ones-stream-full_identification
250.384614944458,42.23909198740155,105.0,91.2904518488442,91.261196362364,ones-stream-full_identification
251.38465976715088,43.99801110675196,105.0,99.2922996695742,99.2528724339608,ones-stream-full_identification
252.38369941711426,45.79954487680663,105.0,99.16318065342116,100.2324411434974,ones-stream-full_identification
253.38383674621582,46.11638871296883,105.0,99.28480033997054,97.96394095811812,ones-stream-full_identification
254.38384222984314,46.054133328045424,105.0,100.41639081395084,101.83263937864268,ones-stream-full_identification
255.38466215133667,46.01913923895083,99.0,96.86545132991256,95.52512339880938,ones-stream-full_identification
256.38745164871216,45.3055254908823,99.0,93.90669028742592,95.3246070087526,ones-stream-full_identification
257.3886022567749,45.195877710586316,99.0,93.11114263042208,92.04206260697173,ones-stream-full_identification
258.38668513298035,45.373945516267014,99.0,93.67316846393868,94.82637616310224,ones-stream-full_identification
259.3846971988678,45.90631587472884,99.0,94.55357550809391,94.34142375041876,ones-stream-full_identification
260.38485884666443,44.86145723924162,65.0,83.78683048019326,83.55633876220644,ones-stream-full_identification
261.41143465042114,34.05891261363313,65.0,59.68229621631488,59.317421047593946,ones-stream-full_identification
262.3922472000122,33.86770830179157,65.0,61.33317020329157,61.19122666156559,ones-stream-full_identification
263.38443660736084,33.94441946410212,65.0,61.5635722812977,61.23772424521448,ones-stream-full_identification
264.41729044914246,33.79723130972909,65.0,61.3627476300366,61.60733598537268,ones-stream-full_identification
265.3832197189331,35.08674011427042,80.0,65.02201170530425,63.61469124162463,ones-stream-full_identification
266.3882234096527,38.95906761379074,80.0,75.14145593984595,75.23680483778763,ones-stream-full_identification
267.3843846321106,38.640174485422314,80.0,76.07957647419038,76.85274447284422,ones-stream-full_identification
268.3846139907837,38.22821336614487,80.0,74.46534282015672,73.59146115753306,ones-stream-full_identification
269.3847646713257,39.01371899946736,80.0,75.60596340102875,75.5972967075233,ones-stream-full_identification
270.38473773002625,39.49764222570127,103.0,81.78721525481046,82.18236792393375,ones-stream-full_identification
271.3854043483734,46.06280516867605,103.0,97.39786062695688,97.3916997362721,ones-stream-full_identification
272.38758301734924,46.079352796770806,103.0,97.33825993528689,97.33381362048426,ones-stream-full_identification
273.39475536346436,45.78784537624313,103.0,97.4381419270293,97.51304468698406,ones-stream-full_identification
274.3842656612396,45.952385647767734,103.0,96.51288402522329,96.6665954192964,ones-stream-full_identification
275.38787746429443,45.280972142453074,75.0,91.8129336369376,92.88498664946697,ones-stream-full_identification
276.38414216041565,35.404615622956186,75.0,68.01517166997516,67.02814989690742,ones-stream-full_identification
277.41232323646545,35.183055645846224,75.0,70.17445080194301,67.45305447192337,ones-stream-full_identification
278.3898241519928,35.050675223960425,75.0,69.53108117821253,67.98013709964013,ones-stream-full_identification
279.3841073513031,34.921574476066155,75.0,70.21598724505975,69.03093157809705,ones-stream-full_identification
280.3861162662506,36.56210378125348,93.0,73.30231564787839,72.352139551644,ones-stream-full_identification
281.3967480659485,44.536299656392416,93.0,87.52447478408735,87.54790764590686,ones-stream-full_identification
0.43518781661987305,0.0,,96.12335094839447,97.75576266111308,ones-stream-copy_identification
1.4357664585113525,193.91568843291796,120.0,111.58286831068126,113.22778672538772,ones-stream-copy_identification
2.4384024143218994,203.76264436951465,120.0,113.59516913416218,112.27443459041316,ones-stream-copy_identification
3.4370028972625732,208.81382034218956,120.0,113.42743369345364,113.2507954882828,ones-stream-copy_identification
4.436097621917725,206.81982161423184,120.0,113.1019418083077,112.77217620556576,ones-stream-copy_identification
5.436986923217773,216.60815050431137,79.0,102.36010368776972,102.48139479932382,ones-stream-copy_identification
6.436183452606201,174.56264696701695,79.0,71.04371862791865,72.26112381298422,ones-stream-copy_identification
7.437741041183472,39.34505746639174,79.0,60.321544194915695,62.89949303958191,ones-stream-copy_identification
8.43601942062378,38.46459088480947,79.0,59.6892720818887,62.1361053052811,ones-stream-copy_identification
9.435194730758667,38.659050322711465,79.0,61.77747797496057,63.94704632645971,ones-stream-copy_identification
10.435356140136719,39.82292977177188,110.0,70.76542838331503,73.01084974776894,ones-stream-copy_identification
11.436177730560303,222.07002006869982,110.0,104.13287684167447,103.99358726806328,ones-stream-copy_identification
12.437000274658203,217.8159740909649,110.0,103.1220101466547,103.40680889968226,ones-stream-copy_identification
13.436938762664795,211.458432416103,110.0,103.37346346800298,104.37694118188011,ones-stream-copy_identification
14.435495615005493,220.7214588460261,110.0,103.49468570514512,101.95401312944874,ones-stream-copy_identification
15.483640193939209,203.51973718942946,75.0,91.08343861856918,90.53547995159624,ones-stream-copy_identification
16.43568205833435,152.2319427084633,75.0,69.71549889605541,67.93107446940614,ones-stream-copy_identification
17.44708800315857,137.5690677112374,75.0,70.41041837066926,68.08580235973865,ones-stream-copy_identification
18.43515706062317,135.38185581614928,75.0,65.37168624567622,63.3068967584923,ones-stream-copy_identification
19.435869216918945,153.91129367028805,75.0,71.92152685326093,69.89770330967002,ones-stream-copy_identification
20.462087392807007,153.1099194366384,72.0,66.50998337342925,65.87900679071059,ones-stream-copy_identification
21.435744285583496,154.8234968416487,72.0,69.85187075729428,67.56300296870408,ones-stream-copy_identification
22.440449476242065,156.2536871712358,72.0,65.26920109156396,65.16179645722451,ones-stream-copy_identification
23.458688020706177,151.10388990462124,72.0,66.67417014776044,64.4484725336911,ones-stream-copy_identification
24.43892550468445,32.261023063344396,72.0,62.49179510067666,60.26767084507943,ones-stream-copy_identification
25.435203790664673,153.82380217800403,96.0,71.13137318816324,69.20771481259767,ones-stream-copy_identification
26.434829711914062,206.91479656224885,96.0,88.42768195304981,88.30922965189801,ones-stream-copy_identification
27.435311794281006,204.82579496823286,96.0,88.2568341417355,87.689054953241,ones-stream-copy_identification
28.435288190841675,206.87995941337292,96.0,90.71371445071794,90.38753570397571,ones-stream-copy_identification
29.436169147491455,204.2807454500229,96.0,90.68561996880813,90.4250475331178,ones-stream-copy_identification
30.437394857406616,197.60513352577073,83.0,87.27841548222268,86.9653232550299,ones-stream-copy_identification
31.435144424438477,193.077926745674,83.0,77.56229494477368,76.37683005603846,ones-stream-copy_identification
32.43478727340698,194.3652077202901,83.0,78.35029964454723,77.64808577864048,ones-stream-copy_identification
33.43519735336304,175.81716265844452,83.0,72.84480741775627,70.65924604431142,ones-stream-copy_identification
34.4458224773407,182.39996680786936,83.0,75.1003626468772,73.80456351267603,ones-stream-copy_identification
35.471463441848755,178.88486865995685,44.0,65.69992034249805,64.60971334024786,ones-stream-copy_identification
36.5555739402771,79.85743580269255,44.0,41.58368173723992,42.24841102451486,ones-stream-copy_identification
37.43484044075012,77.31194713637097,44.0,41.53356348729381,40.82552331972202,ones-stream-copy_identification
38.51021671295166,31.251013546859213,44.0,41.799227944638375,42.38972638647229,ones-stream-copy_identification
39.458510637283325,80.69365951052045,44.0,41.371024176045246,41.45617603823021,ones-stream-copy_identification
40.436169385910034,83.47648869546757,71.0,49.02346754427397,47.81757438370009,ones-stream-copy_identification
41.4583420753479,148.53193081323104,71.0,65.84372455634326,65.39457836260688,ones-stream-copy_identification
42.43479132652283,150.68013552685053,71.0,66.883710546144,64.86948195208502,ones-stream-copy_identification
43.456271171569824,152.21812502969385,71.0,68.05104163836822,67.10690740565691,ones-stream-copy_identification
44.435314893722534,145.66084389650982,71.0,65.44162096944257,64.23063831417062,ones-stream-copy_identification
45.43610858917236,155.422964187918,101.0,74.87586128510392,73.71577410430456,ones-stream-copy_identification
46.4378616809845,204.68907287038206,101.0,94.91637559358512,94.56945075282906,ones-stream-copy_identification
47.435932874679565,211.39434370740312,101.0,95.7718780097115,95.61557053165303,ones-stream-copy_identification
48.43587064743042,216.50234305019433,101.0,95.3711098515884,95.2804682091508,ones-stream-copy_identification
49.43875813484192,220.1679780938717,101.0,95.63005621268488,95.36422180952977,ones-stream-copy_identification
50.43584156036377,208.16585130670296,76.0,87.49892461363534,86.7867666047942,ones-stream-copy_identification
51.44234371185303,157.29111019140402,76.0,70.30375101092748,69.13581095715894,ones-stream-copy_identification
52.459579944610596,151.5115605435634,76.0,70.62707507720039,68.2242822156611,ones-stream-copy_identification
53.464823484420776,154.66085622456382,76.0,69.10402802902976,65.84700622287886,ones-stream-copy_identification
54.45078086853027,156.38753818870757,76.0,70.36475000190104,69.28074384544625,ones-stream-copy_identification
55.436197996139526,157.23992615395917,120.0,82.55971735823543,79.92182903278123,ones-stream-copy_identification
56.43539881706238,226.27642641285922,120.0,113.68484218890896,113.66089805754667,ones-stream-copy_identification
57.4351863861084,223.02030021476938,120.0,113.94304989810442,113.7509930860346,ones-stream-copy_identification
58.43560552597046,223.77178429260073,120.0,112.84830156164588,112.69358138939742,ones-stream-copy_identification
59.43604588508606,225.77478723767103,120.0,113.74910152077864,113.49957843569636,ones-stream-copy_identification
60.45587921142578,223.32140353422488,70.0,97.04035562685276,96.7967137756834,ones-stream-copy_identification
61.43535399436951,113.84803718657754,70.0,64.08030120225257,61.93931696555872,ones-stream-copy_identification
62.478572607040405,145.4783570392784,70.0,65.75768037255705,64.87487745264413,ones-stream-copy_identification
0.2761800289154053,0.0,,46.24105617051083,45.62406892082655,ones-stream-scale_identification
1.281996250152588,31.25040234965151,,49.15610878229484,49.70728301516431,ones-stream-scale_identification
2.278120994567871,148.42085148846525,120.0,79.71667705274838,78.77681987120452,ones-stream-scale_identification
3.2771055698394775,202.24838234146029,120.0,112.99672217136585,113.09582180704297,ones-stream-scale_identification
4.2770607471466064,205.52875478165282,120.0,113.3101396287484,113.3434661201074,ones-stream-scale_identification
5.277414560317993,198.42563528496464,79.0,101.84615792163504,102.2761188229711,ones-stream-scale_identification
6.276325225830078,158.92118483517953,79.0,70.54009479825912,71.72387723327306,ones-stream-scale_identification
7.2826972007751465,77.55399055607303,79.0,63.75090324452527,67.35075797021364,ones-stream-scale_identification
8.304089784622192,46.65515173735728,79.0,64.18283079227639,67.24362671549193,ones-stream-scale_identification
9.28524112701416,188.9739609026293,79.0,73.3578185213086,75.9052796154679,ones-stream-scale_identification
10.277401208877563,195.97674054588228,110.0,81.00710217752051,81.6899443184907,ones-stream-scale_identification
11.27702021598816,222.07640773205242,110.0,104.70826584928868,106.07474947954834,ones-stream-scale_identification
12.277011156082153,223.10076138231355,110.0,103.11857462645868,101.988378889601,ones-stream-scale_identification
13.278074741363525,223.09507919829417,110.0,104.20547442657876,104.06920538277268,ones-stream-scale_identification
14.277952194213867,223.7211144660739,110.0,103.97026836530772,104.01287657416476,ones-stream-scale_identification
15.277995109558105,214.07168957944236,75.0,94.61033740807557,94.67747353800486,ones-stream-scale_identification
16.279505491256714,150.1814439914933,75.0,71.22188733917409,70.86982013668181,ones-stream-scale_identification
17.27656865119934,156.53308453069602,75.0,67.49046650011114,66.66125109446625,ones-stream-scale_identification
18.277779817581177,148.0444913104288,75.0,70.117405292839,68.66860215563665,ones-stream-scale_identification
19.320613145828247,153.66697038062773,75.0,68.04910468667946,65.98452724824169,ones-stream-scale_identification
20.27713704109192,152.8041450777202,72.0,66.10942433226982,65.6874537387449,ones-stream-scale_identification
21.288236141204834,148.81122850837667,72.0,67.41189932934321,66.71142390607278,ones-stream-scale_identification
22.291316032409668,152.43503251518916,72.0,67.73358854727479,65.55877497308046,ones-stream-scale_identification
23.276703119277954,151.84546843004378,72.0,67.27943234485517,66.4626273738156,ones-stream-scale_identification
24.281713724136353,145.82590454519246,72.0,69.08608390507304,68.72400718101723,ones-stream-scale_identification
25.278048992156982,153.36504744318702,96.0,71.27163070863882,71.2291781305515,ones-stream-scale_identification
26.278217554092407,205.76922334232648,96.0,89.8512295306316,88.77310592492826,ones-stream-scale_identification
27.277949333190918,213.5828330312916,96.0,90.74210488410912,90.64698539208229,ones-stream-scale_identification
28.277098655700684,212.51508919336368,96.0,91.6398616122669,93.09971858559015,ones-stream-scale_identification
29.277991771697998,215.82198105484738,96.0,90.11403763588127,88.58641518463251,ones-stream-scale_identification
30.275912046432495,208.1233578189984,83.0,87.0560768758828,87.13460820140928,ones-stream-scale_identification
31.277169227600098,191.13454826909063,83.0,78.78788792790249,79.75322525754797,ones-stream-scale_identification
32.28136897087097,189.50933184428453,83.0,78.28667553442429,77.52741523785407,ones-stream-scale_identification
33.27723956108093,188.83993867400304,83.0,78.08733866501771,77.30805963224869,ones-stream-scale_identification
34.27725577354431,151.38413854425704,83.0,75.09490070786308,76.22042941802027,ones-stream-scale_identification
35.286839723587036,189.86153592686884,44.0,68.55052067224716,68.23131501903192,ones-stream-scale_identification
36.2849280834198,84.23518805717028,44.0,44.18538245124624,43.999725475108,ones-stream-scale_identification
37.31267523765564,85.7111929589644,44.0,39.06583063102347,38.81753222886628,ones-stream-scale_identification
38.28956866264343,81.71058117108713,44.0,41.59811627319616,41.462476068900166,ones-stream-scale_identification
39.27735733985901,33.33283531085345,44.0,41.70959934500112,41.696809160869066,ones-stream-scale_identification
40.27690386772156,85.74990175344544,71.0,47.66138543829638,48.32116664907276,ones-stream-scale_identification
41.27791452407837,147.6427450032502,71.0,66.57103133008337,65.81734012347361,ones-stream-scale_identification
42.27642273902893,154.21542223902583,71.0,66.81325938299977,65.1622410636612,ones-stream-scale_identification
43.30999255180359,149.78237706385153,71.0,66.11948876225087,66.47852782105267,ones-stream-scale_identification
44.276755571365356,152.59554560649218,71.0,66.6555112266399,66.02259912718868,ones-stream-scale_identification
45.27712941169739,157.21264877212013,101.0,72.18041756893396,71.92801090592614,ones-stream-scale_identification
46.2773232460022,204.74172797892987,101.0,95.4950849535184,94.0351661777616,ones-stream-scale_identification
47.28941202163696,215.11348528818758,101.0,95.37426238558642,96.18736894368182,ones-stream-scale_identification
48.2769877910614,214.86144089186223,101.0,95.42280376973618,94.79772868055558,ones-stream-scale_identification
49.2779643535614,215.09552114947994,101.0,95.51996863062456,95.50917616676908,ones-stream-scale_identification
50.2787709236145,213.26429032023304,76.0,87.80326771377202,87.37136615035483,ones-stream-scale_identification
51.29139232635498,151.46440006423916,76.0,71.8227343582963,71.03844625065017,ones-stream-scale_identification
52.28810358047485,149.69997929907132,76.0,67.83920518605548,66.2956197193528,ones-stream-scale_identification
53.31226301193237,147.85516190454888,76.0,70.95894340676472,68.38073464143137,ones-stream-scale_identification
54.277740716934204,153.49273121506272,76.0,70.82391489601899,70.12751251905738,ones-stream-scale_identification
55.28121066093445,155.07084968369946,120.0,78.34581759938465,78.01718586933539,ones-stream-scale_identification
56.277305364608765,219.6399297340271,120.0,112.73777218482456,110.75897950470716,ones-stream-scale_identification
57.27805042266846,226.2000710874878,120.0,113.43467116997768,113.55567402285024,ones-stream-scale_identification
58.27673935890198,226.1739452425272,120.0,113.19736774911938,112.97405298346511,ones-stream-scale_identification
59.28046655654907,226.43259490133983,120.0,113.53040878386015,113.42588038732522,ones-stream-scale_identification
0.39438843727111816,0.0,,74.42957894568801,76.33628769641918,ones-stream-add_identification
1.3982224464416504,147.36405543885633,120.0,99.26217880645513,100.78830663236998,ones-stream-add_identification
2.395648956298828,148.17426171051324,120.0,113.41545832813866,113.44972650873676,ones-stream-add_identification
3.399534225463867,155.43255993586706,120.0,113.09330595969986,113.0253320722325,ones-stream-add_identification
4.399408578872681,157.49175582207783,120.0,113.56308994932402,113.60618637948832,ones-stream-add_identification
5.404178142547607,149.01821734689346,79.0,100.71685677241484,101.23331240814096,ones-stream-add_identification
6.396207571029663,115.44723846310879,79.0,70.45587718306105,72.23223911996072,ones-stream-add_identification
7.4051244258880615,114.61442379940313,79.0,71.96908863661294,74.93942118132624,ones-stream-add_identification
8.396311521530151,106.36949735559521,79.0,68.68652030342992,70.35096404613974,ones-stream-add_identification
9.396337985992432,106.8238784765264,79.0,69.5366752781209,72.25217331740859,ones-stream-add_identification
10.408997535705566,108.46665524800025,110.0,76.53156070722089,80.0987577759346,ones-stream-add_identification
11.39603304862976,161.86209871106288,110.0,103.83733107876624,103.18421171275013,ones-stream-add_identification
12.395634651184082,161.34829564945053,110.0,103.84266434107606,104.46064645245208,ones-stream-add_identification
13.396238088607788,159.3221300191225,110.0,104.62076252499467,105.17273454788388,ones-stream-add_identification
14.396394491195679,155.34351381819107,110.0,103.06667506536502,101.77922155182526,ones-stream-add_identification
15.395381927490234,93.69145267070533,75.0,87.65804877437793,85.51501495263982,ones-stream-add_identification
16.394354581832886,31.25436117893173,75.0,60.21998603567015,56.75085450299922,ones-stream-add_identification
17.395612239837646,31.253226119797617,75.0,60.57563299758255,57.349718391698936,ones-stream-add_identification
18.421868801116943,115.03171382908451,75.0,69.6991794936277,68.24695677931766,ones-stream-add_identification
19.3961501121521,115.64804441033607,75.0,70.29033146229726,68.77861603104903,ones-stream-add_identification
20.403680324554443,114.73342745714447,72.0,69.39819424778058,67.94642344485732,ones-stream-add_identification
21.43183469772339,115.20597687257946,72.0,67.6347834882645,67.79975480338666,ones-stream-add_identification
22.396371841430664,114.76361248426697,72.0,68.01510568928394,66.03902752330018,ones-stream-add_identification
23.39519190788269,96.53395935464567,72.0,63.57803307902667,61.33851945295421,ones-stream-add_identification
24.396161556243896,115.17671369237634,72.0,67.12176544840716,66.19389501878278,ones-stream-add_identification
25.39585256576538,110.14535139273262,96.0,73.91113854180085,72.93732863455095,ones-stream-add_identification
26.406888723373413,142.92735547479492,96.0,88.26811501565886,88.03533404464753,ones-stream-add_identification
27.394405603408813,149.78052351533765,96.0,90.66674261474613,90.59566432670808,ones-stream-add_identification
28.400885105133057,152.77194666937234,96.0,91.07116836457658,91.14970051550912,ones-stream-add_identification
29.395646333694458,150.73106655952114,96.0,91.07564553808504,92.04305254150024,ones-stream-add_identification
30.400294303894043,148.0520250665374,83.0,86.56549955802812,86.64332383083604,ones-stream-add_identification
31.3966166973114,136.5703373135874,83.0,78.04652208496962,76.14445121936065,ones-stream-add_identification
32.395795822143555,134.65610828076345,83.0,79.00582378133166,78.30438289835328,ones-stream-add_identification
33.402016401290894,119.55289204962482,83.0,74.9894921169063,74.32753498673736,ones-stream-add_identification
34.396427392959595,113.58315242165885,83.0,74.61998610233438,73.56680084994622,ones-stream-add_identification
35.39843964576721,90.49531482276588,44.0,67.0674475287209,67.00409800379184,ones-stream-add_identification
36.45915341377258,56.863501934499965,44.0,39.40321990657895,40.00401050613057,ones-stream-add_identification
37.47134184837341,58.54053655278295,44.0,41.47130868968816,40.94151185352853,ones-stream-add_identification
38.49608039855957,62.505860963386546,44.0,41.7047388907668,41.03741173055497,ones-stream-add_identification
39.39812684059143,64.16574621858656,44.0,41.34687144558506,41.51771971717749,ones-stream-add_identification
40.40630745887756,62.22000695097865,71.0,49.06641763731779,48.63640358229194,ones-stream-add_identification
41.4318585395813,106.35352521494389,71.0,65.06810875324818,65.12054105548573,ones-stream-add_identification
42.39847183227539,112.43175238571786,71.0,68.92932928447931,68.18474607088507,ones-stream-add_identification
43.43107724189758,109.87066777335357,71.0,64.90605657242028,64.35540775252495,ones-stream-add_identification
44.435391902923584,110.2876588359807,71.0,66.78995404577742,66.19583950151286,ones-stream-add_identification
45.399595975875854,120.60392585128159,101.0,75.05900203693793,72.95082887023435,ones-stream-add_identification
46.3947319984436,123.79404118903776,101.0,93.00904398996514,92.04985248247864,ones-stream-add_identification
47.394691467285156,119.38785376780298,101.0,92.7875778968872,92.5454420904042,ones-stream-add_identification
48.395360708236694,149.68242129233897,101.0,96.20520466678754,97.35165140729607,ones-stream-add_identification
49.39542746543884,154.0367068501703,101.0,95.0587798264403,93.6611711168269,ones-stream-add_identification
50.396209478378296,145.6114242546201,76.0,88.54460611802385,88.02840978354747,ones-stream-add_identification
51.45409679412842,116.12394000446258,76.0,71.06673608175628,69.13850507225942,ones-stream-add_identification
52.4010534286499,108.3622146246523,76.0,70.73749177627413,69.58666866605105,ones-stream-add_identification
53.39588689804077,115.12349810268597,76.0,70.32294005050026,68.8396331747091,ones-stream-add_identification
54.399558782577515,110.60702369503355,76.0,71.87306108796135,68.76485265227252,ones-stream-add_identification
55.395785093307495,114.92236842382587,120.0,80.12093839126118,78.46975323125326,ones-stream-add_identification
56.39644742012024,158.99922351916035,120.0,113.56592318439674,114.56153734112628,ones-stream-add_identification
57.396241426467896,159.26388509833424,120.0,111.89214778243876,110.08764305447426,ones-stream-add_identification
58.39572238922119,156.2481354290225,120.0,113.3117211112029,113.00760820055643,ones-stream-add_identification
59.3988721370697,159.02722408084173,120.0,112.61825863985436,112.6649256504317,ones-stream-add_identification
60.39484524726868,145.10049747113075,70.0,96.51905121925124,96.82858571467176,ones-stream-add_identification
61.4350950717926,111.53758629049545,70.0,65.75106603004465,65.71498142633364,ones-stream-add_identification
62.420188426971436,107.37455723481798,70.0,65.77450713424747,64.968922485263,ones-stream-add_identification
63.45125222206116,107.2198904619615,70.0,65.87611923214956,64.08318591280349,ones-stream-add_identification
64.3961911201477,111.38449962710762,70.0,67.92524806501962,67.43396542897739,ones-stream-add_identification
65.39513444900513,110.47114521442728,82.0,67.70461385070377,66.95217270850794,ones-stream-add_identification
66.39555931091309,129.90869240225805,82.0,76.89345428190956,75.7683244621027,ones-stream-add_identification
67.396493434906,133.388704333127,82.0,77.71265894839689,76.27991948522012,ones-stream-add_identification
68.39488911628723,129.5024059357499,82.0,76.85664047965032,76.97927324391843,ones-stream-add_identification
69.39562201499939,126.20017105406866,82.0,76.0886240385761,74.15876962187022,ones-stream-add_identification
70.39588141441345,140.05720243809378,112.0,86.69564280678561,85.71744489369053,ones-stream-add_identification
71.39630317687988,157.13160082137833,112.0,105.14016741943033,104.46760090621298,ones-stream-add_identification
72.39509153366089,156.74595724826105,112.0,105.76754181879149,105.66616197177434,ones-stream-add_identification
73.40456986427307,157.06669973496804,112.0,105.95602035010748,105.93346810592134,ones-stream-add_identification
74.39448642730713,155.91507197482647,112.0,105.40212800723212,105.76072381844192,ones-stream-add_identification
75.41794610023499,154.6943035757095,66.0,94.84451021267589,93.65226762759318,ones-stream-add_identification
76.39594650268555,89.45622067396559,66.0,62.58174919133032,61.995800615645045,ones-stream-add_identification
77.40999341011047,107.72328418496598,66.0,61.02801842519053,59.729790631005,ones-stream-add_identification
78.39610052108765,108.67222137056812,66.0,62.27716870481087,62.99415986297629,ones-stream-add_identification
79.40406823158264,109.80336577404077,66.0,64.28311421668543,63.64525253908245,ones-stream-add_identification
80.39941382408142,104.33002204760021,54.0,57.56306830141856,57.64033292961768,ones-stream-add_identification
81.45201134681702,88.19054160271074,54.0,50.81265725977133,50.79184018582878,ones-stream-add_identification
82.39893841743469,90.8341153220093,54.0,51.65678672782603,51.9017833735343,ones-stream-add_identification
83.39570832252502,88.46036550000527,54.0,50.4843591009758,49.48626500754278,ones-stream-add_identification
84.39665508270264,91.87839809334379,54.0,50.96815589841427,51.94305990803064,ones-stream-add_identification
0.0,0.0,,38.25737111161386,44.470093525925854,ones-solvers-bicgstab_identification
1.014150619506836,6.404554019429098,,59.60314667300072,76.66681917525884,ones-solvers-bicgstab_identification
1.998927354812622,17.94181950400496,120.0,72.8326882209626,102.59464695932492,ones-solvers-bicgstab_identification
2.9998362064361572,18.08622459099808,120.0,83.447796952566,113.58975391368683,ones-solvers-bicgstab_identification
4.000625133514404,18.150384252015066,120.0,86.20404201085539,106.71240591173782,ones-solvers-bicgstab_identification
5.0005106925964355,18.134746882100263,120.0,67.77839962675938,110.13696168211844,ones-solvers-bicgstab_identification
5.999844312667847,19.427607992811286,79.0,67.78988195632681,102.10172580024464,ones-solvers-bicgstab_identification
6.999929904937744,15.393863977926085,79.0,62.28215830492356,74.69890856858187,ones-solvers-bicgstab_identification
7.999716281890869,14.921330726855203,79.0,65.7206057794834,74.7034598645579,ones-solvers-bicgstab_identification
8.999533891677856,15.09486474305168,79.0,70.99743828312542,76.09198076349008,ones-solvers-bicgstab_identification
9.999581575393677,15.109463624099181,79.0,65.64551683795521,67.33690049722003,ones-solvers-bicgstab_identification
11.000084638595581,13.011766822709689,110.0,73.00329609124026,75.21927689890639,ones-solvers-bicgstab_identification
11.99950361251831,22.294599194205336,110.0,96.44515574677712,99.39858542777412,ones-solvers-bicgstab_identification
12.999090671539307,22.47789537967626,110.0,97.5535042088621,100.92763087965686,ones-solvers-bicgstab_identification
13.999921560287476,24.14256550369154,110.0,96.5753450321116,97.7378282991372,ones-solvers-bicgstab_identification
15.013031959533691,24.176216460629213,110.0,99.78784742631788,99.11984921684244,ones-solvers-bicgstab_identification
15.999706506729126,23.408936497955448,75.0,94.11293390069912,92.92869938363596,ones-solvers-bicgstab_identification
17.02370047569275,14.1928657388526,75.0,61.53633615040267,60.11440301408181,ones-solvers-bicgstab_identification
17.999568462371826,18.13712867197593,75.0,63.834984854511845,62.86467124651441,ones-solvers-bicgstab_identification
19.011584997177124,21.53685784941249,75.0,70.13422310801839,70.16510205120487,ones-solvers-bicgstab_identification
20.001818895339966,17.212061516223507,75.0,68.47907868241388,68.06265993694628,ones-solvers-bicgstab_identification
21.005172729492188,18.700527892709374,72.0,65.2934271686345,64.88172391841015,ones-solvers-bicgstab_identification
22.004804611206055,19.59703265437596,72.0,69.68411417504133,69.60400567507955,ones-solvers-bicgstab_identification
23.00937032699585,18.757229104243997,72.0,66.80613588508896,68.1507626554083,ones-solvers-bicgstab_identification
23.999820470809937,18.679082858485252,72.0,68.17172392050384,66.78032743189654,ones-solvers-bicgstab_identification
25.00511407852173,18.16085523894472,72.0,67.66471383730479,67.39210986642566,ones-solvers-bicgstab_identification
26.000068426132202,18.146083992022184,96.0,73.95584220182766,72.9381353619602,ones-solvers-bicgstab_identification
27.01193070411682,22.60920273726966,96.0,90.72549647939265,90.74365408928368,ones-solvers-bicgstab_identification
27.999576091766357,22.502556435618775,96.0,90.63432913647836,90.4522697932992,ones-solvers-bicgstab_identification
28.999599933624268,21.096764458334313,96.0,84.77610817937966,84.94657504554851,ones-solvers-bicgstab_identification
29.99960231781006,23.058042242526195,96.0,87.72571361713844,86.98786327731787,ones-solvers-bicgstab_identification
31.015528440475464,23.106718223528098,83.0,85.96520662794731,85.87292630738806,ones-solvers-bicgstab_identification
31.9998939037323,19.734793389846413,83.0,78.58376690365056,78.55140087701896,ones-solvers-bicgstab_identification
33.007914304733276,19.382093725671563,83.0,80.1598082975055,80.19934718572576,ones-solvers-bicgstab_identification
34.012845277786255,19.31204825080754,83.0,78.13018359722543,78.17196956109719,ones-solvers-bicgstab_identification
35.00038027763367,19.65668438170758,83.0,77.17311356734082,77.0994412604381,ones-solvers-bicgstab_identification
36.043461084365845,19.6187117324864,44.0,65.68958251794102,65.74236270778854,ones-solvers-bicgstab_identification
37.00135850906372,10.297647720269968,44.0,41.79331400279926,43.51872408059907,ones-solvers-bicgstab_identification
38.001827001571655,10.333152257595634,44.0,43.02788743474035,41.33935251335131,ones-solvers-bicgstab_identification
39.00039196014404,9.501467365142291,44.0,39.51167625542049,38.988098921953885,ones-solvers-bicgstab_identification
40.01764702796936,9.541953456204949,44.0,41.55885594074669,41.443536772970994,ones-solvers-bicgstab_identification
41.00968790054321,9.931251102855219,71.0,48.68767419895137,48.07353526719916,ones-solvers-bicgstab_identification
42.00081539154053,18.647774233347043,71.0,65.6737715379693,65.81349927229626,ones-solvers-bicgstab_identification
0.38628077507019043,0.0,,58.38153137499223,53.95237325954918,ones-npb-ep_identification
1.374018907546997,16.732172990310087,120.0,79.32139731315432,76.67438497131717,ones-npb-ep_identification
2.372931718826294,95.35673231457451,120.0,101.485289252065,98.26896950433802,ones-npb-ep_identification
3.3730340003967285,94.25508151776987,120.0,101.8867820765321,98.62540555228284,ones-npb-ep_identification
4.372959613800049,97.97783139919088,120.0,101.69430180190624,98.46341890885247,ones-npb-ep_identification
5.372606039047241,93.80226526015764,79.0,89.11051884604198,87.66225552288807,ones-npb-ep_identification
6.373023509979248,48.47751864873799,79.0,66.26616987407832,65.41264721979533,ones-npb-ep_identification
7.3729143142700195,47.058168836152056,79.0,65.92805463996869,65.09379749737168,ones-npb-ep_identification
8.372272968292236,45.68938697434869,79.0,65.62583856898236,66.82973256600694,ones-npb-ep_identification
9.37293815612793,47.490297708565464,79.0,65.76010009341572,64.70733644443631,ones-npb-ep_identification
10.372868299484253,51.210418786374184,110.0,74.4830694356264,73.13306359771877,ones-npb-ep_identification
11.374039649963379,80.35869063103375,110.0,95.82771487509414,91.5971480417741,ones-npb-ep_identification
12.372939348220825,93.28262542423393,110.0,93.29567088581244,88.99602812895765,ones-npb-ep_identification
13.37298059463501,46.95943464669897,110.0,95.55056253929496,91.25588969455868,ones-npb-ep_identification
14.374139070510864,88.68658638010346,110.0,94.19739331983756,90.50124530730568,ones-npb-ep_identification
15.377768754959106,31.461605970820987,75.0,86.50317510017882,82.96956322787474,ones-npb-ep_identification
16.37300705909729,31.145597453493846,75.0,65.15235924664387,64.75679969092245,ones-npb-ep_identification
17.374090671539307,42.43877328499128,75.0,63.73075579341042,62.701478272929606,ones-npb-ep_identification
18.3730525970459,39.86497834150329,75.0,63.739232257891054,62.75127050659434,ones-npb-ep_identification
19.374577522277832,38.867638132746436,75.0,64.7705658870201,64.69895908739824,ones-npb-ep_identification
20.373003005981445,34.55689024956874,72.0,64.65265560625507,63.25036570079153,ones-npb-ep_identification
21.373039722442627,37.976490507697285,72.0,62.32195166827496,60.79350883855986,ones-npb-ep_identification
22.373056411743164,40.02213748907439,72.0,61.85140598894912,60.35595103781087,ones-npb-ep_identification
23.37312078475952,38.400585946440835,72.0,62.55838162397988,60.72921914766724,ones-npb-ep_identification
24.382365703582764,41.52842025220202,72.0,62.16509713570802,60.68458781451344,ones-npb-ep_identification
25.37689232826233,43.31115269120994,96.0,69.19371539808876,67.81961859217316,ones-npb-ep_identification
26.37298011779785,74.9526598536885,96.0,82.26249832783216,80.96800961159741,ones-npb-ep_identification
27.372949838638306,28.713031969513725,96.0,84.98333099159761,81.02802035461896,ones-npb-ep_identification
28.373250007629395,29.954446688127465,96.0,84.05090371615663,81.2068556416012,ones-npb-ep_identification
29.37295699119568,75.81637462576964,96.0,83.20617340880887,81.14545461819208,ones-npb-ep_identification
30.385457515716553,43.54239046594808,83.0,79.09945229656962,78.57192959410885,ones-npb-ep_identification
31.374001026153564,56.65541174854961,83.0,69.63796332685247,69.41013420249664,ones-npb-ep_identification
32.37406849861145,53.94946298326539,83.0,69.96854712306778,69.99198354111701,ones-npb-ep_identification
33.37307691574097,46.32296940299167,83.0,70.18281025636982,70.54467904926588,ones-npb-ep_identification
34.37407374382019,52.42126444323628,83.0,69.79719364723427,70.21066052412807,ones-npb-ep_identification
35.389626026153564,53.331660570406505,44.0,60.345935918117,60.75221240463121,ones-npb-ep_identification
36.38143730163574,25.655425481551962,44.0,42.12947621599225,41.59162703799363,ones-npb-ep_identification
37.37280869483948,27.399186489099478,44.0,41.08974009484544,41.03851609576861,ones-npb-ep_identification
38.37290906906128,22.648926994564416,44.0,41.62865472736155,41.61943965117074,ones-npb-ep_identification
39.37316370010376,15.149548508271328,44.0,41.58964003920171,41.645778737869584,ones-npb-ep_identification
40.37217569351196,25.34455379335071,71.0,48.43327496734914,48.63293418073037,ones-npb-ep_identification
41.374114990234375,38.08079097712277,71.0,61.10243537780347,58.76438385970219,ones-npb-ep_identification
42.37303042411804,37.912136602782546,71.0,61.42522265396653,60.15144524236699,ones-npb-ep_identification
43.372525453567505,33.06174586314738,71.0,62.37197584780503,62.13186459161517,ones-npb-ep_identification
44.37709283828735,38.87268126989717,71.0,62.05407054629449,60.746022727702574,ones-npb-ep_identification
45.37294602394104,18.038006003519445,101.0,69.29461745493312,67.17223446325698,ones-npb-ep_identification
46.37297081947327,29.366118688212396,101.0,89.56640123157068,85.82633079830805,ones-npb-ep_identification
47.372920989990234,31.123038023526096,101.0,87.44144321179661,84.78006280813574,ones-npb-ep_identification
48.37251400947571,75.24225028702641,101.0,87.41999993997771,84.45212501486805,ones-npb-ep_identification
49.37299609184265,75.20649805900969,101.0,88.14222644685067,84.89074965867617,ones-npb-ep_identification
50.37255620956421,47.10912035653875,76.0,80.63602169053804,78.65688536534077,ones-npb-ep_identification
51.372427463531494,22.60946251165699,76.0,65.69273794001109,65.1533024876848,ones-npb-ep_identification
52.37311053276062,42.603765400765525,76.0,64.84238764923712,64.06399029463753,ones-npb-ep_identification
53.37404131889343,45.65656213806136,76.0,63.14541140833005,62.18451576195535,ones-npb-ep_identification
54.38041377067566,41.29805049507468,76.0,64.89761296140533,65.04978027519209,ones-npb-ep_identification
55.372984409332275,46.20376653477039,120.0,75.83210365608608,73.97947803721384,ones-npb-ep_identification
56.37292790412903,98.45807149782041,120.0,101.88452447563157,97.75960641775514,ones-npb-ep_identification
57.3747181892395,96.83735820960172,120.0,102.5996879087214,96.927058333817,ones-npb-ep_identification
58.37293887138367,98.17981090680041,120.0,102.35586667578464,98.5940554732015,ones-npb-ep_identification
59.3729453086853,74.87405192515816,120.0,101.55495228154716,99.11472753295196,ones-npb-ep_identification
60.37305283546448,101.86103359355683,70.0,90.25032109048168,86.70090665253808,ones-npb-ep_identification
61.37307929992676,37.50527536859204,70.0,61.483366319951614,59.71699957026063,ones-npb-ep_identification
62.37311577796936,28.935133490878606,70.0,61.849283963458525,61.04737503264947,ones-npb-ep_identification
63.37310791015625,38.02744867822488,70.0,62.12953350388488,60.45008148813585,ones-npb-ep_identification
64.37307643890381,33.64176602459986,70.0,61.12939357589641,59.72066120082343,ones-npb-ep_identification
65.37316656112671,37.501544568973614,82.0,64.06542111209765,62.82340889321157,ones-npb-ep_identification
66.37338519096375,51.68581638940234,82.0,69.32218177273747,69.86027206548405,ones-npb-ep_identification
67.3781750202179,54.65045484454502,82.0,67.87564662159554,69.18249315341029,ones-npb-ep_identification
68.38088417053223,50.96122294830334,82.0,69.39409105879756,69.18780194757778,ones-npb-ep_identification
69.3792495727539,54.55603055818108,82.0,68.42228633258458,67.4654030676703,ones-npb-ep_identification
70.3730251789093,54.83025075330572,112.0,77.32760635384535,76.03004299510059,ones-npb-ep_identification
71.37295031547546,90.18340693979178,112.0,96.65647623571938,92.10738005350956,ones-npb-ep_identification
72.37404465675354,67.9484741746009,112.0,96.95351138179136,91.77511114084912,ones-npb-ep_identification
73.3729476928711,91.0224197535151,112.0,96.0081519426842,91.13776913274836,ones-npb-ep_identification
74.37242412567139,93.4821177946751,112.0,96.66284399883229,91.53273038435896,ones-npb-ep_identification
75.37426471710205,42.44996275414556,66.0,85.62407030462298,82.20276336471541,ones-npb-ep_identification
76.38979029655457,33.7534422957759,66.0,60.09868779792116,58.371479994473866,ones-npb-ep_identification
77.37412929534912,21.677306767386014,66.0,60.5491827510622,58.6051675286599,ones-npb-ep_identification
78.37304496765137,26.820054694580577,66.0,60.371577883321095,58.68108997180492,ones-npb-ep_identification
79.39234280586243,17.241424102536698,66.0,60.57532060675896,60.03880024262715,ones-npb-ep_identification
80.37321090698242,33.28104839286633,54.0,57.68761154018125,55.78033956640556,ones-npb-ep_identification
81.38522624969482,27.246178730812453,54.0,50.39787947807213,50.433220851475205,ones-npb-ep_identification
82.38683223724365,15.276623797608512,54.0,51.07726291575791,51.03521644238701,ones-npb-ep_identification
83.391845703125,14.705865440961283,54.0,51.10405802905793,51.11359222697191,ones-npb-ep_identification
84.37834286689758,27.137643908099246,54.0,51.83096856857852,52.00971214307427,ones-npb-ep_identification
85.3730628490448,15.793296106188922,52.0,49.74072647095002,49.610523969189565,ones-npb-ep_identification
86.37315058708191,15.747574742778419,52.0,50.03130975256957,49.99749871948556,ones-npb-ep_identification
87.37427592277527,20.781003513632292,52.0,48.45321490662293,48.4425459145701,ones-npb-ep_identification
88.37793278694153,28.441294073238595,52.0,49.16390489079043,49.16803977056221,ones-npb-ep_identification
89.3741705417633,23.77730536487308,52.0,49.334714529739934,49.267935289551424,ones-npb-ep_identification
90.37309217453003,14.70583966046488,47.0,47.995109727060346,48.001341446416376,ones-npb-ep_identification
91.3730878829956,26.88357703844872,47.0,44.496108108460334,44.56751941194826,ones-npb-ep_identification
92.37230372428894,26.923382403286546,47.0,44.50304951658331,44.43988998373144,ones-npb-ep_identification
93.37314891815186,25.6466109393498,47.0,44.47590274320588,44.48285586606996,ones-npb-ep_identification
94.37310600280762,24.91233507518502,47.0,45.07329515169224,45.10125035376333,ones-npb-ep_identification
95.3723611831665,14.520750261944716,84.0,53.89663051557876,52.81941425877229,ones-npb-ep_identification
96.37298774719238,56.410057316031676,84.0,70.39529234934074,71.29383541211993,ones-npb-ep_identification
97.37302732467651,57.336179733298096,84.0,71.11596591934519,69.08199426121935,ones-npb-ep_identification
98.37271976470947,57.6095969554036,84.0,70.43132863355608,71.00908029220102,ones-npb-ep_identification
99.37309122085571,56.81619383474739,84.0,70.26052221599706,70.8541116974959,ones-npb-ep_identification
100.37295079231262,49.47723551533282,103.0,75.8823544708041,74.53555024481543,ones-npb-ep_identification
101.37270474433899,81.62473150692016,103.0,89.34163504222039,85.57887740383757,ones-npb-ep_identification
102.37296962738037,83.37029577016855,103.0,89.02982909529062,84.50034040979665,ones-npb-ep_identification
103.37823057174683,47.172381526501894,103.0,89.4063177140844,86.13192646783416,ones-npb-ep_identification
104.37295961380005,84.9133427509695,103.0,90.00112141067554,84.98715806335117,ones-npb-ep_identification
105.37830924987793,29.167824532854887,53.0,77.41282907088373,75.57312655948242,ones-npb-ep_identification
106.37413549423218,29.12306624079989,53.0,50.1095296493749,49.48896054909021,ones-npb-ep_identification
107.37272691726685,27.023703624161072,53.0,50.06671645344672,50.56693088040404,ones-npb-ep_identification
108.3730616569519,27.051668200670328,53.0,50.19279850889667,49.69601868174956,ones-npb-ep_identification
109.37241172790527,29.23688478500295,53.0,49.95006454195193,49.95751538501045,ones-npb-ep_identification
110.37764096260071,20.596220957519904,86.0,55.59627617282309,55.33118340915578,ones-npb-ep_identification
111.37428832054138,62.10326950290103,86.0,72.16702403157886,72.01722977142633,ones-npb-ep_identification
112.37301445007324,44.18799930372208,86.0,74.29461919754687,72.92709765886727,ones-npb-ep_identification
113.37641644477844,53.146386945402405,86.0,74.6680901572884,72.60796470407217,ones-npb-ep_identification
114.37294363975525,23.735482288393005,86.0,75.05243835529741,73.69365965656628,ones-npb-ep_identification
115.39957642555237,33.97332307349621,48.0,64.6181655514093,64.27173982127516,ones-npb-ep_identification
116.37232398986816,14.705478743638693,48.0,45.33021981552292,45.37828264785991,ones-npb-ep_identification
117.37308311462402,28.070879298613512,48.0,45.359975438647055,45.34533755247603,ones-npb-ep_identification
118.3731460571289,26.015328293190684,48.0,45.399317192846006,45.37331882423106,ones-npb-ep_identification
119.38496422767639,27.2884270062545,48.0,45.28386002130401,45.31963027945777,ones-npb-ep_identification
120.37345170974731,26.876753230590165,44.0,44.25064549358373,44.21094343353941,ones-npb-ep_identification
121.37348771095276,14.285314337581038,44.0,41.670084876944486,41.65244651193139,ones-npb-ep_identification
122.37414979934692,27.05793099889041,44.0,41.5479606370504,41.57388348259599,ones-npb-ep_identification
123.37617874145508,13.889274674110831,44.0,41.727057799722914,41.688744537337705,ones-npb-ep_identification
124.37306427955627,14.286019857286398,44.0,41.48462787351328,41.512791589401466,ones-npb-ep_identification
125.37312579154968,14.705556081467224,48.0,42.85107565884673,42.83404770607437,ones-npb-ep_identification
126.37307691574097,14.705684979655805,48.0,45.35193656892405,45.33460172817688,ones-npb-ep_identification
127.37306332588196,15.214432225840824,48.0,45.34011876166274,45.37857130000261,ones-npb-ep_identification
128.3741819858551,14.287552778189387,48.0,45.37709637342905,45.37593766972901,ones-npb-ep_identification
129.37307739257812,14.287236434240556,48.0,45.3357243074996,45.34825014228162,ones-npb-ep_identification
130.37244987487793,24.903638493935844,89.0,53.89464288841189,52.78775031333063,ones-npb-ep_identification
131.38349056243896,64.2760178816153,89.0,77.1362146224613,75.48930235731345,ones-npb-ep_identification
132.37401676177979,24.645248255722215,89.0,76.5265574738693,75.40447918467375,ones-npb-ep_identification
133.37273478507996,58.53483714752901,89.0,76.07120528517542,74.84826647762814,ones-npb-ep_identification
134.37369918823242,63.49563577539598,89.0,76.72505768186305,74.6300373289925,ones-npb-ep_identification
135.37417936325073,59.540983990555524,50.0,65.45649551802713,65.227418532256,ones-npb-ep_identification
136.38588571548462,27.245588773431088,50.0,47.20478221697774,47.1897007679648,ones-npb-ep_identification
137.37317419052124,25.783848825139764,50.0,47.88902734333225,47.863990075842686,ones-npb-ep_identification
138.3731198310852,25.201751405573965,50.0,46.58115467292855,46.712386825085474,ones-npb-ep_identification
139.37417578697205,13.888883737872115,50.0,47.1988779848476,47.07565610714448,ones-npb-ep_identification
140.37400364875793,20.788885765984364,106.0,58.97410354581083,58.555087475049376,ones-npb-ep_identification
141.37303829193115,83.28623403443201,106.0,92.0912420942443,89.56488389540402,ones-npb-ep_identification
142.37282943725586,89.16156370066058,106.0,91.16528175256414,87.93286498556046,ones-npb-ep_identification
143.37246680259705,39.08850425548273,106.0,92.06874593759012,89.60124285084657,ones-npb-ep_identification
144.37413334846497,38.25671826936013,106.0,91.11988770713586,87.74399163792823,ones-npb-ep_identification
145.37410402297974,36.07792527292915,78.0,83.54007154709097,81.06002500573524,ones-npb-ep_identification
146.37458443641663,28.005341595000267,78.0,67.50151152371241,67.42086127615784,ones-npb-ep_identification
147.3724114894867,46.01086014546013,78.0,64.46768227358262,63.83367758138744,ones-npb-ep_identification
148.37456631660461,46.023077902184454,78.0,65.57977597771271,64.82749196169483,ones-npb-ep_identification
149.37836170196533,44.49774450767462,78.0,66.27708333021992,65.91013109741331,ones-npb-ep_identification
150.372567653656,48.15271823861536,90.0,70.11548210330432,69.65677032728291,ones-npb-ep_identification
151.37802171707153,63.92475375142611,90.0,75.33051255191455,74.6832260145024,ones-npb-ep_identification
152.37300300598145,32.18898784551274,90.0,77.63898406100277,75.4218070495821,ones-npb-ep_identification
153.3728322982788,40.56264930858943,90.0,77.84048426268885,75.9745706579488,ones-npb-ep_identification
154.3739926815033,49.53485021340722,90.0,77.29541567011283,76.12203637678748,ones-npb-ep_identification
155.37268209457397,57.586907273584345,90.0,76.7020059788355,76.01672291538037,ones-npb-ep_identification
156.37298226356506,67.04664471370567,90.0,76.24359492152517,74.76461061681057,ones-npb-ep_identification
157.3731713294983,48.92583269371196,90.0,77.78533057252099,76.32015749023022,ones-npb-ep_identification
158.37298369407654,39.15336289381563,90.0,76.78104644620642,75.20531499656771,ones-npb-ep_identification
159.37298893928528,67.92568000573756,90.0,76.13569628759649,75.71516749536197,ones-npb-ep_identification
160.37246942520142,46.240033867212304,79.0,74.02667085551032,73.00392553931802,ones-npb-ep_identification
161.373526096344,46.70249084167511,79.0,66.82374400851741,66.2845817682174,ones-npb-ep_identification
162.37485599517822,47.00090095339695,79.0,65.01981889582291,64.10240083248979,ones-npb-ep_identification
163.37321662902832,43.99749128055575,79.0,66.84023185006265,66.18645114003195,ones-npb-ep_identification
164.37433409690857,46.86734153010255,79.0,65.50440620216811,65.12171776084284,ones-npb-ep_identification
165.37259149551392,48.164330203759164,97.0,70.71177927538886,70.45810324490596,ones-npb-ep_identification
166.3729441165924,74.41624122314826,97.0,84.45467261423636,82.27954189159017,ones-npb-ep_identification
167.37297296524048,63.87913493755711,97.0,84.55295610250874,82.31443945986807,ones-npb-ep_identification
168.37302231788635,65.88424529656757,97.0,84.005250742716,81.94615263851647,ones-npb-ep_identification
169.37238717079163,70.27912181234278,97.0,84.22872518331043,81.95824699728728,ones-npb-ep_identification
170.3729476928711,46.51046021392818,103.0,85.61341468106883,83.77759565763246,ones-npb-ep_identification
171.3740017414093,77.600802963936,103.0,88.72059249551067,85.90057379521623,ones-npb-ep_identification
172.3740017414093,68.83231124314545,103.0,90.1898939999992,85.87203399999999,ones-npb-ep_identification
173.37295293807983,84.64772138643035,103.0,88.79302868883941,86.11578893364636,ones-npb-ep_identification
174.37398624420166,85.24138643703543,103.0,88.64987451715302,85.53292510513467,ones-npb-ep_identification
175.3729681968689,67.26614907614061,104.0,88.64378437249368,85.56778500513478,ones-npb-ep_identification
176.3739936351776,33.579482293791166,104.0,89.76989397372958,87.61287100078916,ones-npb-ep_identification
177.37284541130066,35.36743758550833,104.0,89.91337703518002,87.65639645723714,ones-npb-ep_identification
178.37403631210327,85.10919367893707,104.0,89.5295990123748,85.33465309548662,ones-npb-ep_identification
179.37282252311707,81.1741001200188,104.0,90.1132724561247,87.2152927577602,ones-npb-ep_identification
180.37298774719238,83.6683563438253,94.0,85.98227542898833,84.633502313745,ones-npb-ep_identification
181.3730068206787,68.11746964192083,94.0,80.0305004204911,77.68643595771076,ones-npb-ep_identification
182.3730447292328,72.01804613268028,94.0,80.94898793845931,78.46245442673037,ones-npb-ep_identification
183.37221956253052,73.35473242148592,94.0,80.0097320313564,78.58766346927989,ones-npb-ep_identification
184.37299418449402,69.89058933030539,94.0,80.13473161667966,79.51942632445768,ones-npb-ep_identification
185.3730537891388,54.84710005317804,42.0,69.53450269709201,68.36868206341221,ones-npb-ep_identification
186.37312030792236,15.172588166564587,42.0,39.72376830034966,39.74799769515531,ones-npb-ep_identification
187.37306952476501,27.280913200429282,42.0,39.73543557335549,39.75246443756873,ones-npb-ep_identification
188.37307620048523,14.287114767221045,42.0,40.27091610358582,40.25590220868256,ones-npb-ep_identification
189.39205169677734,27.279789443560382,42.0,39.28005138494695,39.2864008997366,ones-npb-ep_identification
190.37404656410217,14.379788844300528,113.0,52.74104876833456,51.25600009571276,ones-npb-ep_identification
191.372967004776,85.91168665650106,113.0,96.93000994573644,93.2685964498797,ones-npb-ep_identification
192.37297701835632,89.46152077828205,113.0,96.9899931000692,92.91527584724288,ones-npb-ep_identification
193.37301421165466,83.93913020464902,113.0,96.75695080358332,92.8692276212666,ones-npb-ep_identification
194.37428283691406,49.328503551771185,113.0,96.95568171774002,92.5308865703879,ones-npb-ep_identification
195.37406253814697,86.56140447428524,113.0,97.4053595304357,92.3277151792666,ones-npb-ep_identification
196.37324476242065,75.86317041297575,113.0,97.15390660712744,93.01509509400788,ones-npb-ep_identification
197.3782618045807,95.48657371289494,113.0,96.38799940697724,93.75752748461804,ones-npb-ep_identification
198.37295293807983,94.02160950459539,113.0,97.37607222341578,94.39173009714696,ones-npb-ep_identification
199.37297010421753,59.02108647777723,113.0,96.7609618734091,90.66544102113808,ones-npb-ep_identification
200.3727593421936,36.753533021234276,49.0,84.65064028509973,81.40472439684652,ones-npb-ep_identification
201.38276052474976,26.96405695856682,49.0,46.349256498443374,46.37354953769267,ones-npb-ep_identification
202.3724021911621,18.13546565508216,49.0,46.32481905699712,46.32512825979877,ones-npb-ep_identification
203.37315940856934,14.28451158957313,49.0,46.41151388111462,46.41511115708104,ones-npb-ep_identification
204.37319469451904,15.687110202217678,49.0,46.29085224745606,46.349627175630935,ones-npb-ep_identification
205.3723909854889,17.89123501474809,62.0,49.61964979352479,49.19743643954186,ones-npb-ep_identification
206.37302136421204,30.071342696919462,62.0,57.95311955811754,56.855425654126165,ones-npb-ep_identification
207.3727617263794,14.711616770590911,62.0,58.466391645231056,58.08519062827117,ones-npb-ep_identification
208.39175152778625,33.48338026707327,62.0,57.438645481959,55.58577404728548,ones-npb-ep_identification
209.3741581439972,32.77089694171661,62.0,58.36580927400897,55.8147081135182,ones-npb-ep_identification
210.3813714981079,33.01366811625573,86.0,62.37825803026221,61.86772066391544,ones-npb-ep_identification
211.37495875358582,59.82839757997632,86.0,72.92639675076464,72.67748655187927,ones-npb-ep_identification
212.38252711296082,56.640620111769564,86.0,72.61168942855767,71.55632495458157,ones-npb-ep_identification
213.37679266929626,57.117556406421286,86.0,73.82489385380526,72.4568850070758,ones-npb-ep_identification
214.37294101715088,62.09210570838832,86.0,72.66373052404731,72.37434689063674,ones-npb-ep_identification
215.37235379219055,54.283368672630125,75.0,71.36179321306551,70.1594301253408,ones-npb-ep_identification
216.37577724456787,43.64620209827905,75.0,63.64297726732203,62.43605317197327,ones-npb-ep_identification
217.37731170654297,43.1846860945917,75.0,63.60418647480771,62.41509543228203,ones-npb-ep_identification
218.3753638267517,19.196740259315096,75.0,66.22369932220612,65.38753927339059,ones-npb-ep_identification
219.37318229675293,18.89041068127107,75.0,65.89052016975162,64.5041989099157,ones-npb-ep_identification
220.3730902671814,19.00248119566036,65.0,64.961620469081,64.67472907507454,ones-npb-ep_identification
221.37313294410706,33.95424085378396,65.0,58.99299404950707,57.103736815252965,ones-npb-ep_identification
222.37335681915283,29.617374643696937,65.0,59.717625181364674,57.79160812768573,ones-npb-ep_identification
223.37305974960327,35.43863325278402,65.0,59.72101414120046,58.065497452736686,ones-npb-ep_identification
224.37741470336914,34.938412391658375,65.0,60.76081981988679,58.70544446571068,ones-npb-ep_identification
225.3729796409607,16.651419376486807,115.0,72.58857217043398,70.11508587709466,ones-npb-ep_identification
226.37234473228455,95.83890106768254,115.0,97.27935839257812,94.60108869132948,ones-npb-ep_identification
0.17740297317504883,0.0,,45.64319004246708,44.57224121501186,ones-stream-triad_identification
1.1774625778198242,31.160958757812427,,48.96217075083616,48.99592174265549,ones-stream-triad_identification
2.1771302223205566,153.29042986461513,120.0,99.33438584970368,99.15311162133747,ones-stream-triad_identification
3.1812872886657715,147.8926298815017,120.0,114.33405035269718,115.93317379652888,ones-stream-triad_identification
4.1779186725616455,158.95303302077133,120.0,112.46806780338996,110.85092906729632,ones-stream-triad_identification
5.177753686904907,153.56558002267695,79.0,102.5916776268373,102.9169863027431,ones-stream-triad_identification
6.178143739700317,133.8890495104589,79.0,73.59680444784355,74.70562145481823,ones-stream-triad_identification
7.1778788566589355,128.2360531716506,79.0,71.6789238345423,72.7219234902069,ones-stream-triad_identification
8.17819333076477,126.32626242968482,79.0,71.38502041109389,72.84976574867143,ones-stream-triad_identification
9.178255558013916,134.61010761296248,79.0,74.25546016147186,74.56842775747843,ones-stream-triad_identification
10.178016185760498,135.1684693495137,110.0,81.4989046129272,83.2416265591526,ones-stream-triad_identification
11.178046941757202,162.78853270808267,110.0,104.49319671088868,103.97655172689626,ones-stream-triad_identification
12.178199291229248,162.95470329983016,110.0,104.14250830311347,104.89172123544223,ones-stream-triad_identification
13.178154945373535,162.25550397099028,110.0,103.47025655886048,102.23106872479606,ones-stream-triad_identification
14.176979780197144,162.15289451661027,110.0,104.05586265258384,105.1274320144719,ones-stream-triad_identification
15.183809041976929,154.87858235948727,75.0,94.94879990823304,95.12793455295112,ones-stream-triad_identification
16.178261518478394,123.16709999344927,75.0,71.97036158085832,69.78435068542701,ones-stream-triad_identification
17.17780590057373,115.82414155682771,75.0,66.33523828485792,64.94386116473186,ones-stream-triad_identification
18.17783546447754,115.14077865693609,75.0,69.47077724438051,67.97912662098231,ones-stream-triad_identification
19.21607208251953,114.14326271599525,75.0,68.9358513209508,67.2323743193377,ones-stream-triad_identification
20.181094646453857,109.70878535229687,72.0,68.62444554403471,67.06907041027753,ones-stream-triad_identification
21.21220564842224,110.99198846232724,72.0,67.29807945021847,67.3212835475481,ones-stream-triad_identification
22.180270433425903,116.82239484893324,72.0,66.2406755333199,66.00386596041099,ones-stream-triad_identification
23.178154945373535,106.34277350727778,72.0,66.80575286876407,64.6597385118917,ones-stream-triad_identification
24.178746938705444,112.38430467139888,72.0,68.58605205718219,67.63385975502628,ones-stream-triad_identification
25.19310975074768,108.53902068781068,96.0,69.07563689615097,68.51442346438135,ones-stream-triad_identification
26.18972158432007,151.84856068388444,96.0,91.04923155885017,90.82055273781356,ones-stream-triad_identification
27.177064657211304,152.5212675649432,96.0,91.64154807396338,92.4093207730284,ones-stream-triad_identification
28.17805027961731,150.49075681940775,96.0,90.09034544197756,90.01034530211604,ones-stream-triad_identification
29.17776083946228,149.30032558448585,96.0,90.85712513771637,91.1673949608451,ones-stream-triad_identification
30.178420543670654,147.81675355142272,83.0,87.5273959187119,86.2605960066352,ones-stream-triad_identification
31.17821455001831,134.5264440236184,83.0,78.6082359486691,78.54737139534537,ones-stream-triad_identification
32.17746353149414,137.29790850742953,83.0,78.42386832509335,78.11101337104044,ones-stream-triad_identification
33.177366733551025,131.91396062371967,83.0,75.93873307243587,75.79668932969378,ones-stream-triad_identification
34.178152084350586,132.8674650911741,83.0,77.85187481530446,77.59231463493391,ones-stream-triad_identification
35.17740774154663,70.28149683048096,44.0,65.8836874634548,65.16580936216504,ones-stream-triad_identification
36.17731952667236,31.24984936388041,44.0,41.57290920248722,41.52957036697634,ones-stream-triad_identification
37.1905198097229,31.25037323981303,44.0,41.63601617744367,41.665533540878,ones-stream-triad_identification
38.18159222602844,31.251188179976644,44.0,42.51229450922629,42.5132793009648,ones-stream-triad_identification
39.22734713554382,31.25418645785394,44.0,40.937426518371375,41.290590669222944,ones-stream-triad_identification
40.17824602127075,59.67962587921704,71.0,47.07837554820813,47.50650082014498,ones-stream-triad_identification
41.18868827819824,112.08135138876972,71.0,66.44738677543648,64.79230950605583,ones-stream-triad_identification
42.17808413505554,112.67690792272046,71.0,67.14002157377665,66.29870605367533,ones-stream-triad_identification
43.19904017448425,110.80397734214651,71.0,66.78120604609336,66.89126465782674,ones-stream-triad_identification
44.18460273742676,110.60860957110371,71.0,66.72996892638392,66.07444885535337,ones-stream-triad_identification
45.18110704421997,96.64730855960401,101.0,73.18225758136707,71.32763575076395,ones-stream-triad_identification
46.18284749984741,152.24092176394657,101.0,95.0625715941236,94.65794185220848,ones-stream-triad_identification
47.178035497665405,155.0896545747154,101.0,95.64659240266398,94.45016419007928,ones-stream-triad_identification
48.18722081184387,151.4182957986976,101.0,95.51149404925978,95.23129276809972,ones-stream-triad_identification
49.1778998374939,150.8990317016637,101.0,95.54696728204884,95.34445769013138,ones-stream-triad_identification
50.182076930999756,149.20578756020802,76.0,86.4200906762192,85.68573327069933,ones-stream-triad_identification
51.193713426589966,112.9938644522121,76.0,70.30423731851748,68.2775938485734,ones-stream-triad_identification
52.19997978210449,115.45624253045739,76.0,67.1031292405946,65.01914751211808,ones-stream-triad_identification
53.216052532196045,115.41327723394492,76.0,71.01080237345153,67.6135120212811,ones-stream-triad_identification
54.176472425460815,115.50817572824224,76.0,70.80500864465995,68.27354400863217,ones-stream-triad_identification
55.17824053764343,111.07041530630833,120.0,78.29907209100705,76.89750076989142,ones-stream-triad_identification
56.17745327949524,155.66456976377367,120.0,113.15992944443754,112.6977754982031,ones-stream-triad_identification
57.17726492881775,159.16448748482648,120.0,113.38436395260504,112.96967478369837,ones-stream-triad_identification
58.177175521850586,116.7933911471998,120.0,114.08984651880183,113.50037890881984,ones-stream-triad_identification
59.17815327644348,115.37102501037228,120.0,111.71738632552017,111.1354373261506,ones-stream-triad_identification
60.17736554145813,158.38843704714208,70.0,99.46555098779064,98.01384940987218,ones-stream-triad_identification
61.17736840248108,31.25069340943768,70.0,60.55174148271095,56.49585463640232,ones-stream-triad_identification
62.17730093002319,31.252090584554274,70.0,60.522302255402174,56.273613468908806,ones-stream-triad_identification
63.18735074996948,46.68964514961677,70.0,63.05920696995209,61.91089946042465,ones-stream-triad_identification
64.17811751365662,113.9120542129757,70.0,68.28861687173092,66.35850769113716,ones-stream-triad_identification
65.18460631370544,109.05035911991247,82.0,66.54914722096979,65.6747579145811,ones-stream-triad_identification
66.17729830741882,135.33505420753744,82.0,75.2794431706915,74.93875844673148,ones-stream-triad_identification
67.18312239646912,99.87113760639316,82.0,75.48662489660225,74.74193994177534,ones-stream-triad_identification
68.17818474769592,137.34807873386978,82.0,77.15198090572197,78.10787061114344,ones-stream-triad_identification
69.17788076400757,134.5859551733543,82.0,75.36477773362549,73.90651305659753,ones-stream-triad_identification
70.17815685272217,119.97494267230488,112.0,81.17646400181951,80.6240666016003,ones-stream-triad_identification
71.17798566818237,160.74277129982974,112.0,105.84573608230414,105.93919708750012,ones-stream-triad_identification
72.17652726173401,162.8632991670053,112.0,106.66467075612994,106.55489066932044,ones-stream-triad_identification
73.17815613746643,161.2598122291006,112.0,105.59001725938884,105.66356746449158,ones-stream-triad_identification
74.17792654037476,161.66502590379883,112.0,106.06908933873098,106.00840642717628,ones-stream-triad_identification
75.17821145057678,156.95679170105555,66.0,94.06196385579196,93.9504236168754,ones-stream-triad_identification
76.23222494125366,107.44062486686464,66.0,62.26393589835445,63.02651626378749,ones-stream-triad_identification
77.18143033981323,111.0562471485368,66.0,63.54332520372314,62.32552504463896,ones-stream-triad_identification
78.18036580085754,117.85572679131093,66.0,61.41640140519515,62.146668592048016,ones-stream-triad_identification
79.18090724945068,110.37919197116565,66.0,63.92030115692344,63.87967515590285,ones-stream-triad_identification
80.17892074584961,112.60733031147782,54.0,57.84932869144592,56.64191516447231,ones-stream-triad_identification
81.194411277771,90.60119747372046,54.0,50.95222948909907,51.023813615193866,ones-stream-triad_identification
82.17791962623596,88.28254518301875,54.0,51.45514539405208,52.350772858289616,ones-stream-triad_identification
83.17887306213379,88.51076760749143,54.0,50.83329745088089,49.89364441005495,ones-stream-triad_identification
84.19112515449524,97.45219795090162,54.0,50.99032034274085,51.801666927220566,ones-stream-triad_identification
85.1791639328003,92.40053753211875,52.0,50.77022060870056,49.97395446941285,ones-stream-triad_identification
86.17886781692505,86.8164236875332,52.0,50.646514368253015,51.38635636148068,ones-stream-triad_identification
