msg.timestamp,msg.id,msg.type,sensor.cmd,sensor.task,sensor.rank,sensor.pid,sensor.tid,sensor.value
1712814085.8997035,29e087d2-4e8d-41cb-9e85-56853672927e,pubProgress,216ce340-f7c6-11ee-8001-bc97e1c4cb10,ones-solvers-bicgstab,0,304457,0,1
1712814086.0558424,211e973c-332f-4b13-a41b-c81599d67c0b,pubProgress,216ce340-f7c6-11ee-8001-bc97e1c4cb10,ones-solvers-bicgstab,0,304457,0,1
1712814086.2718282,650345d7-237d-4860-8bed-ea28acb4b2c8,pubProgress,216ce340-f7c6-11ee-8001-bc97e1c4cb10,ones-solvers-bicgstab,0,304457,0,2
1712814086.4686165,3ebfc3a8-1d61-4900-a09f-3c29f800396a,pubProgress,216ce340-f7c6-11ee-8001-bc97e1c4cb10,ones-solvers-bicgstab,0,304457,0,2
1712814086.579643,fa802aa2-d3b1-4d49-8929-c59a8953de32,pubProgress,216ce340-f7c6-11ee-8001-bc97e1c4cb10,ones-solvers-bicgstab,0,304457,0,2
1712814086.6920996,a540c0e4-00ae-400e-abd3-e7c2d3471f0d,pubProgress,216ce340-f7c6-11ee-8001-bc97e1c4cb10,ones-solvers-bicgstab,0,304457,0,2
1712814086.8030598,09443990-47f0-4404-8ef0-3c1c1f758a51,pubProgress,216ce340-f7c6-11ee-8001-bc97e1c4cb10,ones-solvers-bicgstab,0,304457,0,2
1712814086.9145312,bc82bf1b-a0bf-440d-8f0c-a7ff307c808d,pubProgress,216ce340-f7c6-11ee-8001-bc97e1c4cb10,ones-solvers-bicgstab,0,304457,0,2
1712814087.025438,98cc7242-947d-4ae6-aa3e-bcfafb2a45ad,pubProgress,216ce340-f7c6-11ee-8001-bc97e1c4cb10,ones-solvers-bicgstab,0,304457,0,2
1712814087.1363597,ca4c1ef9-0b0f-4828-b556-a9a487e6bebe,pubProgress,216ce340-f7c6-11ee-8001-bc97e1c4cb10,ones-solvers-bicgstab,0,304457,0,2
1712814087.2469802,064637f6-41d8-466c-b54a-0956b0c13e83,pubProgress,216ce340-f7c6-11ee-8001-bc97e1c4cb10,ones-solvers-bicgstab,0,304457,0,2
1712814087.3573897,f30d8076-030f-4cb6-8d22-1dbd298d2db4,pubProgress,216ce340-f7c6-11ee-8001-bc97e1c4cb10,ones-solvers-bicgstab,0,304457,0,2
1712814087.4683428,043adbb5-d932-48bd-a2f5-67f6485ec843,pubProgress,216ce340-f7c6-11ee-8001-bc97e1c4cb10,ones-solvers-bicgstab,0,304457,0,2
1712814087.5786655,6bedb0d5-e33a-4a15-b606-c8b5e94e6d33,pubProgress,216ce340-f7c6-11ee-8001-bc97e1c4cb10,ones-solvers-bicgstab,0,304457,0,2
1712814087.6892467,e203e410-9d13-4808-ae5e-37f0eba4dc3e,pubProgress,216ce340-f7c6-11ee-8001-bc97e1c4cb10,ones-solvers-bicgstab,0,304457,0,2
1712814087.7992728,19a60f9c-5179-403d-857c-2b93ca716494,pubProgress,216ce340-f7c6-11ee-8001-bc97e1c4cb10,ones-solvers-bicgstab,0,304457,0,2
1712814087.9093008,20b935de-5c9e-41a7-a13f-f1509c6fa589,pubProgress,216ce340-f7c6-11ee-8001-bc97e1c4cb10,ones-solvers-bicgstab,0,304457,0,2
1712814088.0199056,83d72d16-01fb-46c5-b044-fe120ddfac0a,pubProgress,216ce340-f7c6-11ee-8001-bc97e1c4cb10,ones-solvers-bicgstab,0,304457,0,2
1712814088.1297963,8d0919d8-dd8a-4761-b583-f96a9304cd8a,pubProgress,216ce340-f7c6-11ee-8001-bc97e1c4cb10,ones-solvers-bicgstab,0,304457,0,2
1712814088.2398233,d611ddfd-88db-4009-a21c-34b6596ed2e9,pubProgress,216ce340-f7c6-11ee-8001-bc97e1c4cb10,ones-solvers-bicgstab,0,304457,0,2
1712814088.3498034,eed44608-6cfa-4ac8-a526-aa5b5cabb03c,pubProgress,216ce340-f7c6-11ee-8001-bc97e1c4cb10,ones-solvers-bicgstab,0,304457,0,2
1712814088.4601583,6ba3f278-9040-4d20-8d42-ff99f62b39e0,pubProgress,216ce340-f7c6-11ee-8001-bc97e1c4cb10,ones-solvers-bicgstab,0,304457,0,2
1712814088.5699906,1fca7717-62ff-4036-ac5f-9721b9145473,pubProgress,216ce340-f7c6-11ee-8001-bc97e1c4cb10,ones-solvers-bicgstab,0,304457,0,2
1712814088.6872172,e3abdcb7-48e5-49f6-9b22-ba1fbe6e752b,pubProgress,216ce340-f7c6-11ee-8001-bc97e1c4cb10,ones-solvers-bicgstab,0,304457,0,2
1712814088.8005283,8ea21de4-1fc6-4d62-8945-a0bf5411461b,pubProgress,216ce340-f7c6-11ee-8001-bc97e1c4cb10,ones-solvers-bicgstab,0,304457,0,1
1712814088.9415882,996a1aca-0a64-4deb-bcc6-370594ed1a98,pubProgress,216ce340-f7c6-11ee-8001-bc97e1c4cb10,ones-solvers-bicgstab,0,304457,0,2
1712814089.0801046,e006569c-bd6a-486f-96c7-9cf5b7fa3c75,pubProgress,216ce340-f7c6-11ee-8001-bc97e1c4cb10,ones-solvers-bicgstab,0,304457,0,2
1712814089.2208261,a2965819-36ab-44b2-8388-67a90f0bec5e,pubProgress,216ce340-f7c6-11ee-8001-bc97e1c4cb10,ones-solvers-bicgstab,0,304457,0,2
1712814089.3552418,dd6ee7fb-030b-4fd1-8cc6-737746ea35ba,pubProgress,216ce340-f7c6-11ee-8001-bc97e1c4cb10,ones-solvers-bicgstab,0,304457,0,2
1712814089.4618673,9fab2122-0a67-4a9f-bd11-1e948f7a096a,pubProgress,216ce340-f7c6-11ee-8001-bc97e1c4cb10,ones-solvers-bicgstab,0,304457,0,2
1712814089.585932,d5d74680-d300-49d7-a60b-757248bf0442,pubProgress,216ce340-f7c6-11ee-8001-bc97e1c4cb10,ones-solvers-bicgstab,0,304457,0,2
1712814089.6962175,5a07a301-6d2c-45ed-94df-deab7893a2c6,pubProgress,216ce340-f7c6-11ee-8001-bc97e1c4cb10,ones-solvers-bicgstab,0,304457,0,2
1712814089.7994795,6f13826b-d712-48c8-a1e5-9cf673de61c7,pubProgress,216ce340-f7c6-11ee-8001-bc97e1c4cb10,ones-solvers-bicgstab,0,304457,0,2
1712814089.9064672,5898e020-b1e8-4eab-ac47-896feaf5f790,pubProgress,216ce340-f7c6-11ee-8001-bc97e1c4cb10,ones-solvers-bicgstab,0,304457,0,2
1712814090.0140493,d0849156-8b6e-4fc6-8212-f1a718703b43,pubProgress,216ce340-f7c6-11ee-8001-bc97e1c4cb10,ones-solvers-bicgstab,0,304457,0,2
1712814090.1215658,18b256ec-b53d-4086-8377-4d8f8ec9299b,pubProgress,216ce340-f7c6-11ee-8001-bc97e1c4cb10,ones-solvers-bicgstab,0,304457,0,2
1712814090.2282028,0d737f0f-740b-4de4-826a-e60fcc1f24b8,pubProgress,216ce340-f7c6-11ee-8001-bc97e1c4cb10,ones-solvers-bicgstab,0,304457,0,2
1712814090.3305807,af7abc9d-7bfe-4965-905e-bf6a8f79887f,pubProgress,216ce340-f7c6-11ee-8001-bc97e1c4cb10,ones-solvers-bicgstab,0,304457,0,2
1712814090.432986,a4fc440f-cda0-4669-90be-b17016e17061,pubProgress,216ce340-f7c6-11ee-8001-bc97e1c4cb10,ones-solvers-bicgstab,0,304457,0,2
1712814090.5353274,ea6c02b4-0703-4589-8208-731308d2b753,pubProgress,216ce340-f7c6-11ee-8001-bc97e1c4cb10,ones-solvers-bicgstab,0,304457,0,2
1712814090.6381378,13e15f14-3dc1-4380-963a-2cd352d4d9c5,pubProgress,216ce340-f7c6-11ee-8001-bc97e1c4cb10,ones-solvers-bicgstab,0,304457,0,2
1712814090.741084,6749d15b-4663-40ab-aa83-2a1f809de6dc,pubProgress,216ce340-f7c6-11ee-8001-bc97e1c4cb10,ones-solvers-bicgstab,0,304457,0,2
1712814090.8611696,a41ad196-29f7-4e72-aceb-5514197be03a,pubProgress,216ce340-f7c6-11ee-8001-bc97e1c4cb10,ones-solvers-bicgstab,0,304457,0,2
1712814090.9891927,4fe9741f-9132-45f5-a4ba-118f79397d78,pubProgress,216ce340-f7c6-11ee-8001-bc97e1c4cb10,ones-solvers-bicgstab,0,304457,0,2
1712814091.117352,03eaf413-4c60-40ca-9325-20f7c86098f6,pubProgress,216ce340-f7c6-11ee-8001-bc97e1c4cb10,ones-solvers-bicgstab,0,304457,0,2
1712814091.246228,aa963609-771e-4dae-bfaf-02f4a8c67be2,pubProgress,216ce340-f7c6-11ee-8001-bc97e1c4cb10,ones-solvers-bicgstab,0,304457,0,2
1712814091.3759296,2625ee15-1740-45e7-b6d8-572b4a8fd2a4,pubProgress,216ce340-f7c6-11ee-8001-bc97e1c4cb10,ones-solvers-bicgstab,0,304457,0,2
1712814091.5058982,25ee6e13-010b-4bfd-889b-adbbe01e64ed,pubProgress,216ce340-f7c6-11ee-8001-bc97e1c4cb10,ones-solvers-bicgstab,0,304457,0,2
1712814091.6357734,0b80211a-eb8d-42d0-a542-999a577f688b,pubProgress,216ce340-f7c6-11ee-8001-bc97e1c4cb10,ones-solvers-bicgstab,0,304457,0,2
1712814091.7660286,2f0bfc5a-b389-42d7-9d84-153e8521b9d1,pubProgress,216ce340-f7c6-11ee-8001-bc97e1c4cb10,ones-solvers-bicgstab,0,304457,0,2
1712814091.8971748,9559a836-087e-4a97-884b-9775589c08e8,pubProgress,216ce340-f7c6-11ee-8001-bc97e1c4cb10,ones-solvers-bicgstab,0,304457,0,2
1712814092.0294442,dfc446f4-fdc0-476b-a829-93f8ea7b4d69,pubProgress,216ce340-f7c6-11ee-8001-bc97e1c4cb10,ones-solvers-bicgstab,0,304457,0,2
1712814092.1615026,6ced137e-bd80-4e8d-879b-1d83d4bcf199,pubProgress,216ce340-f7c6-11ee-8001-bc97e1c4cb10,ones-solvers-bicgstab,0,304457,0,2
1712814092.2946577,c23fc1c3-d61f-46fe-859b-d54a5416115f,pubProgress,216ce340-f7c6-11ee-8001-bc97e1c4cb10,ones-solvers-bicgstab,0,304457,0,2
1712814092.427446,ab9ffd69-3788-4d62-9be9-9d27c8b6da88,pubProgress,216ce340-f7c6-11ee-8001-bc97e1c4cb10,ones-solvers-bicgstab,0,304457,0,2
1712814092.5624628,a1bbfeb6-b993-49d7-888c-ec17133eaad2,pubProgress,216ce340-f7c6-11ee-8001-bc97e1c4cb10,ones-solvers-bicgstab,0,304457,0,2
1712814092.696499,d530f0d2-099d-407a-a7ec-76a76149dd00,pubProgress,216ce340-f7c6-11ee-8001-bc97e1c4cb10,ones-solvers-bicgstab,0,304457,0,2
1712814092.831328,06c83f18-021d-4692-81a0-6475248a2287,pubProgress,216ce340-f7c6-11ee-8001-bc97e1c4cb10,ones-solvers-bicgstab,0,304457,0,2
1712814092.9661047,37dfe164-e017-4fb2-8c7c-599944bd8423,pubProgress,216ce340-f7c6-11ee-8001-bc97e1c4cb10,ones-solvers-bicgstab,0,304457,0,2
1712814093.1003387,11f82fe6-156b-4a10-8f43-07a101ccea52,pubProgress,216ce340-f7c6-11ee-8001-bc97e1c4cb10,ones-solvers-bicgstab,0,304457,0,2
1712814093.2324893,f07642a4-260a-4cff-94ee-59d0836cea0e,pubProgress,216ce340-f7c6-11ee-8001-bc97e1c4cb10,ones-solvers-bicgstab,0,304457,0,2
1712814093.3651168,9503849b-b4b4-4102-a4c7-ccc2f6b08565,pubProgress,216ce340-f7c6-11ee-8001-bc97e1c4cb10,ones-solvers-bicgstab,0,304457,0,2
1712814093.4974802,b4c765d5-042d-4cdc-a6da-6e0e775b3d16,pubProgress,216ce340-f7c6-11ee-8001-bc97e1c4cb10,ones-solvers-bicgstab,0,304457,0,2
1712814093.6306999,da9f6b8b-35d5-4bf4-98c7-90431f8e3c54,pubProgress,216ce340-f7c6-11ee-8001-bc97e1c4cb10,ones-solvers-bicgstab,0,304457,0,2
1712814093.76343,6cd4dd30-1c52-44c2-aa4d-17006dabc132,pubProgress,216ce340-f7c6-11ee-8001-bc97e1c4cb10,ones-solvers-bicgstab,0,304457,0,2
1712814093.894994,734ee7f4-8810-4297-b1f4-abd22c47e9e4,pubProgress,216ce340-f7c6-11ee-8001-bc97e1c4cb10,ones-solvers-bicgstab,0,304457,0,2
1712814094.026784,95411a5e-5d8d-417b-b80f-a0f1be668136,pubProgress,216ce340-f7c6-11ee-8001-bc97e1c4cb10,ones-solvers-bicgstab,0,304457,0,2
1712814094.157233,1cf57e34-9419-46cc-9d57-c50701ddbd80,pubProgress,216ce340-f7c6-11ee-8001-bc97e1c4cb10,ones-solvers-bicgstab,0,304457,0,2
1712814094.2903397,53e63539-83cf-4fa9-9731-32842c1c0c74,pubProgress,216ce340-f7c6-11ee-8001-bc97e1c4cb10,ones-solvers-bicgstab,0,304457,0,2
1712814094.4188483,ba373efa-b13f-4fe3-9f1e-87ba86194d8a,pubProgress,216ce340-f7c6-11ee-8001-bc97e1c4cb10,ones-solvers-bicgstab,0,304457,0,2
1712814094.5512161,83305c0b-72f8-485f-8610-eec4086a43d2,pubProgress,216ce340-f7c6-11ee-8001-bc97e1c4cb10,ones-solvers-bicgstab,0,304457,0,2
1712814094.6824713,4d20649a-f436-49d8-a015-f3ab69f1fb44,pubProgress,216ce340-f7c6-11ee-8001-bc97e1c4cb10,ones-solvers-bicgstab,0,304457,0,2
1712814094.8492062,46554dba-afaa-45af-ae17-84a282c6fc87,pubProgress,216ce340-f7c6-11ee-8001-bc97e1c4cb10,ones-solvers-bicgstab,0,304457,0,1
1712814095.0253255,b7b629ac-44bc-49dd-8eb7-32571bba520a,pubProgress,216ce340-f7c6-11ee-8001-bc97e1c4cb10,ones-solvers-bicgstab,0,304457,0,1
1712814095.134147,33dc893c-f511-43c6-9f81-efb5a632995f,pubProgress,216ce340-f7c6-11ee-8001-bc97e1c4cb10,ones-solvers-bicgstab,0,304457,0,1
1712814095.2761402,aaac9dd1-432c-43ed-8e41-879f0d1ea519,pubProgress,216ce340-f7c6-11ee-8001-bc97e1c4cb10,ones-solvers-bicgstab,0,304457,0,2
1712814095.3945017,2e2d303c-20b2-4de0-8d74-f90be0bd2630,pubProgress,216ce340-f7c6-11ee-8001-bc97e1c4cb10,ones-solvers-bicgstab,0,304457,0,2
1712814095.5205271,2d695023-0acf-44e3-82c3-d6cb078ce7de,pubProgress,216ce340-f7c6-11ee-8001-bc97e1c4cb10,ones-solvers-bicgstab,0,304457,0,1
1712814095.6426883,e66862f0-90fc-44dd-bed0-2b1ce513f192,pubProgress,216ce340-f7c6-11ee-8001-bc97e1c4cb10,ones-solvers-bicgstab,0,304457,0,1
1712814095.7963955,55d14bae-1122-4c19-a1d5-076e053c5b2b,pubProgress,216ce340-f7c6-11ee-8001-bc97e1c4cb10,ones-solvers-bicgstab,0,304457,0,2
1712814095.93801,083ef1fa-b6b4-4672-8601-f0661ba3eb4b,pubProgress,216ce340-f7c6-11ee-8001-bc97e1c4cb10,ones-solvers-bicgstab,0,304457,0,3
1712814096.0813665,8b0fbd02-4256-4da8-92ff-bd4f76b741fd,pubProgress,216ce340-f7c6-11ee-8001-bc97e1c4cb10,ones-solvers-bicgstab,0,304457,0,3
1712814096.203183,222d2c21-9116-43ba-9a74-310dbc29859d,pubProgress,216ce340-f7c6-11ee-8001-bc97e1c4cb10,ones-solvers-bicgstab,0,304457,0,1
1712814096.33075,154701ca-abcf-4328-a4eb-c6d4ff4e67f1,pubProgress,216ce340-f7c6-11ee-8001-bc97e1c4cb10,ones-solvers-bicgstab,0,304457,0,3
1712814096.4652386,c35e09db-1b53-40cb-b431-4dd5a3d1b49e,pubProgress,216ce340-f7c6-11ee-8001-bc97e1c4cb10,ones-solvers-bicgstab,0,304457,0,3
1712814096.59963,c010b075-20f9-4d1e-bb49-d6b77c9b32ac,pubProgress,216ce340-f7c6-11ee-8001-bc97e1c4cb10,ones-solvers-bicgstab,0,304457,0,3
1712814096.734265,491cedb7-7dde-4346-8c77-4b4f5e1abaa0,pubProgress,216ce340-f7c6-11ee-8001-bc97e1c4cb10,ones-solvers-bicgstab,0,304457,0,3
1712814096.8703086,1ab08150-a040-402d-b387-7363b58a5267,pubProgress,216ce340-f7c6-11ee-8001-bc97e1c4cb10,ones-solvers-bicgstab,0,304457,0,3
1712814097.003771,70ba6af7-7f4c-4848-894b-b2fb12ee820b,pubProgress,216ce340-f7c6-11ee-8001-bc97e1c4cb10,ones-solvers-bicgstab,0,304457,0,3
1712814097.137256,81ce6048-500b-4a5e-a3b2-7e31d3a4741e,pubProgress,216ce340-f7c6-11ee-8001-bc97e1c4cb10,ones-solvers-bicgstab,0,304457,0,3
1712814097.2675068,861bab5d-3b16-4143-b819-38da19e52660,pubProgress,216ce340-f7c6-11ee-8001-bc97e1c4cb10,ones-solvers-bicgstab,0,304457,0,2
1712814097.3930185,c35867bb-75c9-4fc5-b979-3adf2c8c6474,pubProgress,216ce340-f7c6-11ee-8001-bc97e1c4cb10,ones-solvers-bicgstab,0,304457,0,3
1712814097.4952238,022945c5-9db1-4ea6-91f4-d469299e2255,pubProgress,216ce340-f7c6-11ee-8001-bc97e1c4cb10,ones-solvers-bicgstab,0,304457,0,2
1712814097.6268559,0653b366-5589-434e-8613-4ad22a40b4ea,pubProgress,216ce340-f7c6-11ee-8001-bc97e1c4cb10,ones-solvers-bicgstab,0,304457,0,3
1712814097.7629824,f359e339-e53a-474e-b446-39f58c32018a,pubProgress,216ce340-f7c6-11ee-8001-bc97e1c4cb10,ones-solvers-bicgstab,0,304457,0,3
1712814097.8964264,56a84429-2d40-4d00-b85f-51e83c1c700e,pubProgress,216ce340-f7c6-11ee-8001-bc97e1c4cb10,ones-solvers-bicgstab,0,304457,0,3
1712814098.02631,895222e2-ba33-4a71-a5d0-df47b7649bb6,pubProgress,216ce340-f7c6-11ee-8001-bc97e1c4cb10,ones-solvers-bicgstab,0,304457,0,3
1712814098.2010877,9762c2a9-98d1-4796-9137-e35c27700134,pubProgress,216ce340-f7c6-11ee-8001-bc97e1c4cb10,ones-solvers-bicgstab,0,304457,0,3
1712814098.3252568,d0b93a18-76be-4fbd-9d49-51efe5eedce2,pubProgress,216ce340-f7c6-11ee-8001-bc97e1c4cb10,ones-solvers-bicgstab,0,304457,0,3
1712814098.4493623,d75ca0aa-34fa-4627-b879-27b76f62b295,pubProgress,216ce340-f7c6-11ee-8001-bc97e1c4cb10,ones-solvers-bicgstab,0,304457,0,2
1712814098.5736244,54439699-9e13-4442-ad86-b9c4657a8e00,pubProgress,216ce340-f7c6-11ee-8001-bc97e1c4cb10,ones-solvers-bicgstab,0,304457,0,3
1712814098.7362366,ae15df83-8961-4856-9bc7-3a8b4e010ddc,pubProgress,216ce340-f7c6-11ee-8001-bc97e1c4cb10,ones-solvers-bicgstab,0,304457,0,3
1712814098.8562803,e0f4134c-9e50-4e8e-abf3-88d2bacb566c,pubProgress,216ce340-f7c6-11ee-8001-bc97e1c4cb10,ones-solvers-bicgstab,0,304457,0,3
1712814098.9785295,26e1d57a-bc0a-4bde-9d9f-267ef2345d06,pubProgress,216ce340-f7c6-11ee-8001-bc97e1c4cb10,ones-solvers-bicgstab,0,304457,0,3
1712814099.0999753,fa422852-393e-48da-a54a-d5184e0d2b20,pubProgress,216ce340-f7c6-11ee-8001-bc97e1c4cb10,ones-solvers-bicgstab,0,304457,0,3
1712814099.3228967,11c2983c-d460-4c0e-952b-0da74e74729b,pubProgress,216ce340-f7c6-11ee-8001-bc97e1c4cb10,ones-solvers-bicgstab,0,304457,0,2
1712814099.4288213,b8fa8818-2a73-4ee8-b647-bbd6c92fdc7d,pubProgress,216ce340-f7c6-11ee-8001-bc97e1c4cb10,ones-solvers-bicgstab,0,304457,0,1
1712814099.5404367,f87b6161-e59a-43ad-9107-92725d9c5eb8,pubProgress,216ce340-f7c6-11ee-8001-bc97e1c4cb10,ones-solvers-bicgstab,0,304457,0,3
1712814099.6585426,36687fe4-9459-4bd1-898e-e02c2f5e95ca,pubProgress,216ce340-f7c6-11ee-8001-bc97e1c4cb10,ones-solvers-bicgstab,0,304457,0,3
1712814099.7807236,156e3e23-627d-4a8c-ab70-c6fcd2544adc,pubProgress,216ce340-f7c6-11ee-8001-bc97e1c4cb10,ones-solvers-bicgstab,0,304457,0,3
1712814099.906781,c99994bc-c303-42f6-8fa4-c3cd033d1bc0,pubProgress,216ce340-f7c6-11ee-8001-bc97e1c4cb10,ones-solvers-bicgstab,0,304457,0,3
1712814100.033875,8d6a0d28-36c0-4668-a6d4-1e8e8eda85ca,pubProgress,216ce340-f7c6-11ee-8001-bc97e1c4cb10,ones-solvers-bicgstab,0,304457,0,3
1712814100.1617582,9d312a67-1a38-451e-a84f-d90ce29c764b,pubProgress,216ce340-f7c6-11ee-8001-bc97e1c4cb10,ones-solvers-bicgstab,0,304457,0,3
1712814100.2899144,18582612-2406-4828-8068-842b772156fb,pubProgress,216ce340-f7c6-11ee-8001-bc97e1c4cb10,ones-solvers-bicgstab,0,304457,0,3
1712814100.4186895,f3125003-3e4b-43fe-8ba5-db4cba1aa7a7,pubProgress,216ce340-f7c6-11ee-8001-bc97e1c4cb10,ones-solvers-bicgstab,0,304457,0,3
1712814100.546259,b2dab8b0-3506-4768-9c8b-1c0094307519,pubProgress,216ce340-f7c6-11ee-8001-bc97e1c4cb10,ones-solvers-bicgstab,0,304457,0,3
1712814100.6768463,1654c47b-2df2-476f-92ec-3db398f01aab,pubProgress,216ce340-f7c6-11ee-8001-bc97e1c4cb10,ones-solvers-bicgstab,0,304457,0,3
1712814100.8047605,4b994839-ab4d-44b9-9adb-21ab858d6ca4,pubProgress,216ce340-f7c6-11ee-8001-bc97e1c4cb10,ones-solvers-bicgstab,0,304457,0,3
1712814100.9055097,745c1518-8b2a-40b1-9f67-35269487692b,pubProgress,216ce340-f7c6-11ee-8001-bc97e1c4cb10,ones-solvers-bicgstab,0,304457,0,1
1712814101.066097,87a235f5-bfe5-4f6f-aa98-93bd4ba07462,pubProgress,216ce340-f7c6-11ee-8001-bc97e1c4cb10,ones-solvers-bicgstab,0,304457,0,2
1712814101.1894226,4bd4478a-401e-4971-b4b7-f01241430e53,pubProgress,216ce340-f7c6-11ee-8001-bc97e1c4cb10,ones-solvers-bicgstab,0,304457,0,2
1712814101.2911615,160a4426-0872-4d5d-8ce7-ea9381969808,pubProgress,216ce340-f7c6-11ee-8001-bc97e1c4cb10,ones-solvers-bicgstab,0,304457,0,1
1712814101.5654626,b9e61579-0137-4a4c-a013-a2869f15a101,pubProgress,216ce340-f7c6-11ee-8001-bc97e1c4cb10,ones-solvers-bicgstab,0,304457,0,2
1712814101.6799655,15cba909-a1c5-49d4-8cbd-d544b7c9ee9f,pubProgress,216ce340-f7c6-11ee-8001-bc97e1c4cb10,ones-solvers-bicgstab,0,304457,0,3
1712814101.7989142,290c4005-59e4-4147-9f10-154093e374e8,pubProgress,216ce340-f7c6-11ee-8001-bc97e1c4cb10,ones-solvers-bicgstab,0,304457,0,2
1712814101.924452,0ba179f8-0213-439a-a3ac-398a4a0421b5,pubProgress,216ce340-f7c6-11ee-8001-bc97e1c4cb10,ones-solvers-bicgstab,0,304457,0,2
1712814102.0333793,a92c4503-f2b3-4bc3-926c-f7f68fbde9c5,pubProgress,216ce340-f7c6-11ee-8001-bc97e1c4cb10,ones-solvers-bicgstab,0,304457,0,1
1712814102.194431,5d461c25-39fe-4cbc-8763-0b652690c913,pubProgress,216ce340-f7c6-11ee-8001-bc97e1c4cb10,ones-solvers-bicgstab,0,304457,0,3
1712814102.3141766,465b4e5b-3a16-478a-9314-734b7956dfbe,pubProgress,216ce340-f7c6-11ee-8001-bc97e1c4cb10,ones-solvers-bicgstab,0,304457,0,2
1712814102.4784486,cce15da1-c85a-4d70-9f03-57a598ba60b6,pubProgress,216ce340-f7c6-11ee-8001-bc97e1c4cb10,ones-solvers-bicgstab,0,304457,0,2
1712814102.5968666,61a79511-1c16-4a4d-97e1-19955b67c881,pubProgress,216ce340-f7c6-11ee-8001-bc97e1c4cb10,ones-solvers-bicgstab,0,304457,0,3
1712814102.7363186,6aeffd05-4dc3-429e-8878-d182f6bf5b9c,pubProgress,216ce340-f7c6-11ee-8001-bc97e1c4cb10,ones-solvers-bicgstab,0,304457,0,3
1712814102.8496542,4ab3b79e-f8b0-4533-ba88-e7cef524003a,pubProgress,216ce340-f7c6-11ee-8001-bc97e1c4cb10,ones-solvers-bicgstab,0,304457,0,2
1712814103.0881944,96a64a0d-f7d8-470c-97cf-83d270e27e3f,pubProgress,216ce340-f7c6-11ee-8001-bc97e1c4cb10,ones-solvers-bicgstab,0,304457,0,2
1712814103.2012265,f5e1b8ce-caa3-4cb5-b9e2-532aba66fe93,pubProgress,216ce340-f7c6-11ee-8001-bc97e1c4cb10,ones-solvers-bicgstab,0,304457,0,3
1712814103.3706315,0286d5e7-bbce-4684-aaed-8a9f3b9dfec9,pubProgress,216ce340-f7c6-11ee-8001-bc97e1c4cb10,ones-solvers-bicgstab,0,304457,0,3
1712814103.4840434,522c5aa1-2be7-4572-9cd3-6dad54194b67,pubProgress,216ce340-f7c6-11ee-8001-bc97e1c4cb10,ones-solvers-bicgstab,0,304457,0,3
1712814103.6219552,238890de-6e1d-4bf2-b20c-cf85a40b086f,pubProgress,216ce340-f7c6-11ee-8001-bc97e1c4cb10,ones-solvers-bicgstab,0,304457,0,3
1712814103.757333,8a99d70b-7895-4877-a6ec-fd4a0107d454,pubProgress,216ce340-f7c6-11ee-8001-bc97e1c4cb10,ones-solvers-bicgstab,0,304457,0,3
1712814103.8980417,de6d37ef-9167-4b8b-96e2-152ae648d5f4,pubProgress,216ce340-f7c6-11ee-8001-bc97e1c4cb10,ones-solvers-bicgstab,0,304457,0,3
1712814104.0420055,b170d490-4f56-4ad4-8c8e-666fb0449532,pubProgress,216ce340-f7c6-11ee-8001-bc97e1c4cb10,ones-solvers-bicgstab,0,304457,0,3
1712814104.1859736,3f10b3f7-4ec6-43e6-90ac-5566e19b0150,pubProgress,216ce340-f7c6-11ee-8001-bc97e1c4cb10,ones-solvers-bicgstab,0,304457,0,3
1712814104.310261,939c1502-fa38-4a9b-bfb1-c59ef00a9c66,pubProgress,216ce340-f7c6-11ee-8001-bc97e1c4cb10,ones-solvers-bicgstab,0,304457,0,2
1712814104.4367156,53f3d93f-462c-4578-8e33-93ff89cc82db,pubProgress,216ce340-f7c6-11ee-8001-bc97e1c4cb10,ones-solvers-bicgstab,0,304457,0,2
1712814104.5580878,d40cb6bb-4bab-4d7c-8955-2ca9c621e427,pubProgress,216ce340-f7c6-11ee-8001-bc97e1c4cb10,ones-solvers-bicgstab,0,304457,0,2
1712814104.6834514,edff9fa8-5fd1-453e-8147-108e2f907dd2,pubProgress,216ce340-f7c6-11ee-8001-bc97e1c4cb10,ones-solvers-bicgstab,0,304457,0,2
1712814104.7948976,67f4159c-9ebe-4ec7-9086-8ed8d39eddfe,pubProgress,216ce340-f7c6-11ee-8001-bc97e1c4cb10,ones-solvers-bicgstab,0,304457,0,2
1712814104.9149961,a83118fe-b18d-4d30-8b26-6cb69258b186,pubProgress,216ce340-f7c6-11ee-8001-bc97e1c4cb10,ones-solvers-bicgstab,0,304457,0,3
1712814105.023283,afc7b2bc-d18e-49f3-ae98-604fde7e37ba,pubProgress,216ce340-f7c6-11ee-8001-bc97e1c4cb10,ones-solvers-bicgstab,0,304457,0,2
1712814105.1420968,c6ec2168-a29d-4a4d-929e-011972e6553c,pubProgress,216ce340-f7c6-11ee-8001-bc97e1c4cb10,ones-solvers-bicgstab,0,304457,0,2
1712814105.264419,16928b26-d236-44aa-92b3-0058e9fbcf8a,pubProgress,216ce340-f7c6-11ee-8001-bc97e1c4cb10,ones-solvers-bicgstab,0,304457,0,2
1712814105.4105897,54890b16-3647-4ef0-b220-ca0f7441a838,pubProgress,216ce340-f7c6-11ee-8001-bc97e1c4cb10,ones-solvers-bicgstab,0,304457,0,3
1712814105.5676303,19b5ea23-ca4b-4d59-a145-bf24422be4d1,pubProgress,216ce340-f7c6-11ee-8001-bc97e1c4cb10,ones-solvers-bicgstab,0,304457,0,3
1712814105.7280536,d0eed748-d152-4918-9f6a-d559d01f1990,pubProgress,216ce340-f7c6-11ee-8001-bc97e1c4cb10,ones-solvers-bicgstab,0,304457,0,3
1712814105.901656,ea559606-0c38-4514-bdd6-1257ebad03e6,pubProgress,216ce340-f7c6-11ee-8001-bc97e1c4cb10,ones-solvers-bicgstab,0,304457,0,3
1712814106.023671,d2c7702e-f5be-4c4f-bb0e-2bb141c153fb,pubProgress,216ce340-f7c6-11ee-8001-bc97e1c4cb10,ones-solvers-bicgstab,0,304457,0,3
1712814106.1251836,99d5f0c2-94f4-4c10-80eb-45413923bde7,pubProgress,216ce340-f7c6-11ee-8001-bc97e1c4cb10,ones-solvers-bicgstab,0,304457,0,2
1712814106.2269647,afdb212f-0e73-4d51-b4ed-15eb9dd47b56,pubProgress,216ce340-f7c6-11ee-8001-bc97e1c4cb10,ones-solvers-bicgstab,0,304457,0,2
1712814106.3287194,9819dc08-9e88-45f3-a3e4-298a89204832,pubProgress,216ce340-f7c6-11ee-8001-bc97e1c4cb10,ones-solvers-bicgstab,0,304457,0,2
1712814106.43053,67891df6-afc9-48ad-8a00-fe4db6c10095,pubProgress,216ce340-f7c6-11ee-8001-bc97e1c4cb10,ones-solvers-bicgstab,0,304457,0,2
1712814106.5323348,2670a8d1-e639-469b-a841-59efba9f022d,pubProgress,216ce340-f7c6-11ee-8001-bc97e1c4cb10,ones-solvers-bicgstab,0,304457,0,2
1712814106.6346378,3e70cd62-bfa1-49ff-99d0-94ed6debdbb0,pubProgress,216ce340-f7c6-11ee-8001-bc97e1c4cb10,ones-solvers-bicgstab,0,304457,0,2
1712814106.7409174,fd0a2e3a-7d02-4d33-a5b7-97bde8fa65df,pubProgress,216ce340-f7c6-11ee-8001-bc97e1c4cb10,ones-solvers-bicgstab,0,304457,0,2
1712814106.8457406,5d852199-32f8-4f9b-a232-70a6b39be595,pubProgress,216ce340-f7c6-11ee-8001-bc97e1c4cb10,ones-solvers-bicgstab,0,304457,0,2
1712814106.950491,f165cda1-dc9d-4dbf-8118-25e4c7df8ff8,pubProgress,216ce340-f7c6-11ee-8001-bc97e1c4cb10,ones-solvers-bicgstab,0,304457,0,2
1712814107.055412,9d88a5cc-2b7d-44a0-95f9-d5fccd66f49c,pubProgress,216ce340-f7c6-11ee-8001-bc97e1c4cb10,ones-solvers-bicgstab,0,304457,0,2
1712814107.1600516,d56448c4-dfd5-42a9-b6f1-b0e1df57af30,pubProgress,216ce340-f7c6-11ee-8001-bc97e1c4cb10,ones-solvers-bicgstab,0,304457,0,2
1712814107.2646387,2c5a61d2-67e0-4bfc-82fe-de4a6fffc1bd,pubProgress,216ce340-f7c6-11ee-8001-bc97e1c4cb10,ones-solvers-bicgstab,0,304457,0,2
1712814107.3694196,3772a7b5-f208-4d0d-8b42-f5ff555df4ef,pubProgress,216ce340-f7c6-11ee-8001-bc97e1c4cb10,ones-solvers-bicgstab,0,304457,0,2
1712814107.4764307,4501b2fe-0d24-457d-a86b-f8607d9eb55b,pubProgress,216ce340-f7c6-11ee-8001-bc97e1c4cb10,ones-solvers-bicgstab,0,304457,0,2
1712814107.5830564,b9d96402-6523-4632-a9c0-8c206e243b70,pubProgress,216ce340-f7c6-11ee-8001-bc97e1c4cb10,ones-solvers-bicgstab,0,304457,0,2
1712814107.6897705,2500f18f-6bac-488a-9d22-ef28bb29bce2,pubProgress,216ce340-f7c6-11ee-8001-bc97e1c4cb10,ones-solvers-bicgstab,0,304457,0,2
1712814107.7963583,7919a492-a3b3-4106-98e1-6f88e1dc3bc0,pubProgress,216ce340-f7c6-11ee-8001-bc97e1c4cb10,ones-solvers-bicgstab,0,304457,0,2
1712814107.9030335,236e75ee-50f1-45a5-9f4c-1aaf17655a4a,pubProgress,216ce340-f7c6-11ee-8001-bc97e1c4cb10,ones-solvers-bicgstab,0,304457,0,2
1712814108.0098758,87144a84-b0e8-4485-be86-1f26def29ffe,pubProgress,216ce340-f7c6-11ee-8001-bc97e1c4cb10,ones-solvers-bicgstab,0,304457,0,2
1712814108.1168563,e2ddf3fa-c340-4306-b2b4-ae4e124eb70c,pubProgress,216ce340-f7c6-11ee-8001-bc97e1c4cb10,ones-solvers-bicgstab,0,304457,0,2
1712814108.2237108,a31bb9a9-47c5-4dde-ad48-c1aae685246b,pubProgress,216ce340-f7c6-11ee-8001-bc97e1c4cb10,ones-solvers-bicgstab,0,304457,0,2
1712814108.3308232,dd7ae522-03d3-456d-9326-634480ab8b08,pubProgress,216ce340-f7c6-11ee-8001-bc97e1c4cb10,ones-solvers-bicgstab,0,304457,0,2
1712814108.4375432,5313f362-d068-4986-bc84-ad93dac3cee7,pubProgress,216ce340-f7c6-11ee-8001-bc97e1c4cb10,ones-solvers-bicgstab,0,304457,0,2
1712814108.544442,7e46ae9c-28fc-4f42-8dd6-9fa7e2766e89,pubProgress,216ce340-f7c6-11ee-8001-bc97e1c4cb10,ones-solvers-bicgstab,0,304457,0,2
1712814108.6516638,c2ffb761-5eac-4e39-b80b-fee5083e4409,pubProgress,216ce340-f7c6-11ee-8001-bc97e1c4cb10,ones-solvers-bicgstab,0,304457,0,2
1712814108.7588341,93e31875-32e1-4727-90bc-c5573334052d,pubProgress,216ce340-f7c6-11ee-8001-bc97e1c4cb10,ones-solvers-bicgstab,0,304457,0,2
1712814108.866201,70f5f71d-852e-49b1-b5fb-b605927b97c3,pubProgress,216ce340-f7c6-11ee-8001-bc97e1c4cb10,ones-solvers-bicgstab,0,304457,0,2
1712814108.9732726,6fd2e3ec-d342-42f9-9c9d-f4b2bd6206d8,pubProgress,216ce340-f7c6-11ee-8001-bc97e1c4cb10,ones-solvers-bicgstab,0,304457,0,2
1712814109.0819077,64b1d0b0-9018-4079-b4a8-1aa90b9f0f8f,pubProgress,216ce340-f7c6-11ee-8001-bc97e1c4cb10,ones-solvers-bicgstab,0,304457,0,2
1712814109.2000406,d59fb7f9-f2c8-4b18-a187-3d8e28286cbd,pubProgress,216ce340-f7c6-11ee-8001-bc97e1c4cb10,ones-solvers-bicgstab,0,304457,0,2
1712814109.3297536,a87f9917-3a23-4743-b4ef-6900feced502,pubProgress,216ce340-f7c6-11ee-8001-bc97e1c4cb10,ones-solvers-bicgstab,0,304457,0,3
1712814109.4395661,22d38102-a800-4028-8ede-beef71217e6a,pubProgress,216ce340-f7c6-11ee-8001-bc97e1c4cb10,ones-solvers-bicgstab,0,304457,0,2
1712814109.5486896,2c924e36-3ba6-4ab3-8493-375bb0873cd0,pubProgress,216ce340-f7c6-11ee-8001-bc97e1c4cb10,ones-solvers-bicgstab,0,304457,0,2
1712814109.6588166,bd4ab7c1-9282-4ef2-8def-5535c1108940,pubProgress,216ce340-f7c6-11ee-8001-bc97e1c4cb10,ones-solvers-bicgstab,0,304457,0,2
1712814109.7703145,d98026f4-2c07-42f7-bc52-5c4f1bf99261,pubProgress,216ce340-f7c6-11ee-8001-bc97e1c4cb10,ones-solvers-bicgstab,0,304457,0,2
1712814109.881847,cc1cbdd5-c555-4f40-9a4e-fcddeade62c0,pubProgress,216ce340-f7c6-11ee-8001-bc97e1c4cb10,ones-solvers-bicgstab,0,304457,0,2
1712814109.9924245,40d121f7-c243-4982-869a-34ccc1e0d3f3,pubProgress,216ce340-f7c6-11ee-8001-bc97e1c4cb10,ones-solvers-bicgstab,0,304457,0,2
1712814110.1049542,fb6290a8-62d9-4c31-9f95-c731ffeef80a,pubProgress,216ce340-f7c6-11ee-8001-bc97e1c4cb10,ones-solvers-bicgstab,0,304457,0,2
1712814110.2161205,ee8cf166-0a7d-431d-855a-efd510d68445,pubProgress,216ce340-f7c6-11ee-8001-bc97e1c4cb10,ones-solvers-bicgstab,0,304457,0,2
1712814110.3279605,b8cea1aa-d6dc-44b8-a17b-e66db37aa733,pubProgress,216ce340-f7c6-11ee-8001-bc97e1c4cb10,ones-solvers-bicgstab,0,304457,0,2
1712814110.4388745,e01c0985-fc7d-4594-b5ed-8a457a7ac009,pubProgress,216ce340-f7c6-11ee-8001-bc97e1c4cb10,ones-solvers-bicgstab,0,304457,0,2
1712814110.5483496,22a603c8-36ae-4f29-9221-f3d91a5e7af8,pubProgress,216ce340-f7c6-11ee-8001-bc97e1c4cb10,ones-solvers-bicgstab,0,304457,0,2
1712814110.6582983,464715b8-c724-4988-92b9-6c5d8bccd7d2,pubProgress,216ce340-f7c6-11ee-8001-bc97e1c4cb10,ones-solvers-bicgstab,0,304457,0,2
1712814110.768515,8d4c6508-d21d-4d58-9ece-330b922b5259,pubProgress,216ce340-f7c6-11ee-8001-bc97e1c4cb10,ones-solvers-bicgstab,0,304457,0,2
1712814110.8688862,b61914d1-d21f-4864-a11c-c0e9148b3bdc,pubProgress,216ce340-f7c6-11ee-8001-bc97e1c4cb10,ones-solvers-bicgstab,0,304457,0,2
1712814110.9979806,ea4d9fea-2bac-41c9-9644-dc117b012dac,pubProgress,216ce340-f7c6-11ee-8001-bc97e1c4cb10,ones-solvers-bicgstab,0,304457,0,3
1712814111.1293342,1ef850f1-787c-4eeb-955b-42b5fbb0bcad,pubProgress,216ce340-f7c6-11ee-8001-bc97e1c4cb10,ones-solvers-bicgstab,0,304457,0,3
1712814111.2599335,7bde2b4b-1895-4c24-931b-fed8bf07f9c5,pubProgress,216ce340-f7c6-11ee-8001-bc97e1c4cb10,ones-solvers-bicgstab,0,304457,0,3
1712814111.3922424,82f87396-2687-4a70-bd2b-0249ae2756b8,pubProgress,216ce340-f7c6-11ee-8001-bc97e1c4cb10,ones-solvers-bicgstab,0,304457,0,3
1712814111.5243874,60177f43-fda5-4eb4-9428-485af1f48afb,pubProgress,216ce340-f7c6-11ee-8001-bc97e1c4cb10,ones-solvers-bicgstab,0,304457,0,3
1712814111.6595454,f4a446a6-9e20-471b-99d7-5bdf3cd61fca,pubProgress,216ce340-f7c6-11ee-8001-bc97e1c4cb10,ones-solvers-bicgstab,0,304457,0,3
1712814111.797029,a87c043e-9e8c-4c51-923f-6d9a9d30c527,pubProgress,216ce340-f7c6-11ee-8001-bc97e1c4cb10,ones-solvers-bicgstab,0,304457,0,3
1712814111.9308648,029f2034-ccbf-4d00-8ca8-22894307dd3c,pubProgress,216ce340-f7c6-11ee-8001-bc97e1c4cb10,ones-solvers-bicgstab,0,304457,0,3
1712814112.063937,ac931cf0-2b88-437a-94b7-d2c36efc151a,pubProgress,216ce340-f7c6-11ee-8001-bc97e1c4cb10,ones-solvers-bicgstab,0,304457,0,3
1712814112.1974933,382abc44-5605-4fa6-b8df-565aa9da3185,pubProgress,216ce340-f7c6-11ee-8001-bc97e1c4cb10,ones-solvers-bicgstab,0,304457,0,3
1712814112.3308127,e2f8418d-489e-40d0-92c4-96390e09f3d1,pubProgress,216ce340-f7c6-11ee-8001-bc97e1c4cb10,ones-solvers-bicgstab,0,304457,0,3
1712814112.463847,ce24ddaf-5212-4fb6-9041-5cb5522c17bb,pubProgress,216ce340-f7c6-11ee-8001-bc97e1c4cb10,ones-solvers-bicgstab,0,304457,0,3
1712814112.5971074,a67ff54b-74d1-4038-92a5-b3b5ae559d3c,pubProgress,216ce340-f7c6-11ee-8001-bc97e1c4cb10,ones-solvers-bicgstab,0,304457,0,3
1712814112.7304256,993b79cf-b3ea-4f97-805d-63c4c6b4a708,pubProgress,216ce340-f7c6-11ee-8001-bc97e1c4cb10,ones-solvers-bicgstab,0,304457,0,3
1712814112.8636825,ed2f19c5-9cbd-40bb-9d5b-ef3ca6f1e231,pubProgress,216ce340-f7c6-11ee-8001-bc97e1c4cb10,ones-solvers-bicgstab,0,304457,0,3
1712814113.0001812,a93d0ff5-0a03-445e-9612-b08aedb1f4aa,pubProgress,216ce340-f7c6-11ee-8001-bc97e1c4cb10,ones-solvers-bicgstab,0,304457,0,3
1712814113.1361973,9a8cca21-6a96-4cb9-a81f-0ac85129fa0e,pubProgress,216ce340-f7c6-11ee-8001-bc97e1c4cb10,ones-solvers-bicgstab,0,304457,0,3
1712814113.278399,c7c6422b-07fc-46de-9270-c652434f2aac,pubProgress,216ce340-f7c6-11ee-8001-bc97e1c4cb10,ones-solvers-bicgstab,0,304457,0,3
1712814113.4044356,f47f5b83-8fb6-4eae-a418-5075fb627f19,pubProgress,216ce340-f7c6-11ee-8001-bc97e1c4cb10,ones-solvers-bicgstab,0,304457,0,3
1712814113.5779812,22155d20-d78d-47c5-9143-ade31e98919b,pubProgress,216ce340-f7c6-11ee-8001-bc97e1c4cb10,ones-solvers-bicgstab,0,304457,0,3
1712814113.7086382,41c676ff-5428-49a1-8323-e7ba8ef0cbe9,pubProgress,216ce340-f7c6-11ee-8001-bc97e1c4cb10,ones-solvers-bicgstab,0,304457,0,3
1712814113.8687103,7a826068-b9f7-412b-8409-9aa9368de1e2,pubProgress,216ce340-f7c6-11ee-8001-bc97e1c4cb10,ones-solvers-bicgstab,0,304457,0,2
1712814113.9879534,df73e59d-3ed6-43c0-bf77-83082474b2c5,pubProgress,216ce340-f7c6-11ee-8001-bc97e1c4cb10,ones-solvers-bicgstab,0,304457,0,2
1712814114.1151106,2bcf99e6-b49e-4615-8205-8db4b8ae3f75,pubProgress,216ce340-f7c6-11ee-8001-bc97e1c4cb10,ones-solvers-bicgstab,0,304457,0,3
1712814114.2451465,34a78aaa-1d6a-4d51-8af5-6820019be4fb,pubProgress,216ce340-f7c6-11ee-8001-bc97e1c4cb10,ones-solvers-bicgstab,0,304457,0,3
1712814114.3779876,35e2aa17-8fe8-419e-b6c6-d8b7d06be676,pubProgress,216ce340-f7c6-11ee-8001-bc97e1c4cb10,ones-solvers-bicgstab,0,304457,0,3
1712814114.5135932,c41bfc2a-bfca-4384-b5e8-f4aef8cafb7b,pubProgress,216ce340-f7c6-11ee-8001-bc97e1c4cb10,ones-solvers-bicgstab,0,304457,0,3
1712814114.7233605,de6772e0-c128-494a-9892-bf2a9ddef926,pubProgress,216ce340-f7c6-11ee-8001-bc97e1c4cb10,ones-solvers-bicgstab,0,304457,0,2
1712814114.8506124,26963587-b238-43e8-b075-4cdfca8d0080,pubProgress,216ce340-f7c6-11ee-8001-bc97e1c4cb10,ones-solvers-bicgstab,0,304457,0,3
1712814114.9807189,555dfaed-103d-407f-94f3-1725cfdc47e3,pubProgress,216ce340-f7c6-11ee-8001-bc97e1c4cb10,ones-solvers-bicgstab,0,304457,0,3
1712814115.1113138,6cc9052a-4169-4ca0-af8c-8a21bb4dad15,pubProgress,216ce340-f7c6-11ee-8001-bc97e1c4cb10,ones-solvers-bicgstab,0,304457,0,3
1712814115.2399724,9520a554-37ae-40f2-9045-1ed47f0720b9,pubProgress,216ce340-f7c6-11ee-8001-bc97e1c4cb10,ones-solvers-bicgstab,0,304457,0,3
1712814115.369051,fdd001f3-f6c2-4962-bd0c-64428fe3c47a,pubProgress,216ce340-f7c6-11ee-8001-bc97e1c4cb10,ones-solvers-bicgstab,0,304457,0,3
1712814115.4977732,38648701-2af0-4472-a08f-52962754fad1,pubProgress,216ce340-f7c6-11ee-8001-bc97e1c4cb10,ones-solvers-bicgstab,0,304457,0,3
1712814115.6266646,a1778e98-0f1f-4cd3-b81a-05ff23d6719b,pubProgress,216ce340-f7c6-11ee-8001-bc97e1c4cb10,ones-solvers-bicgstab,0,304457,0,3
1712814115.7588027,4659b7c7-8f95-4b1f-ab85-46e0b02ca99e,pubProgress,216ce340-f7c6-11ee-8001-bc97e1c4cb10,ones-solvers-bicgstab,0,304457,0,3
1712814115.903634,a1473e61-faa7-41ee-8c0d-55989111dbe4,pubProgress,216ce340-f7c6-11ee-8001-bc97e1c4cb10,ones-solvers-bicgstab,0,304457,0,3
1712814116.0515366,70aeddc5-a2c1-401f-90e0-7710bd00cbb4,pubProgress,216ce340-f7c6-11ee-8001-bc97e1c4cb10,ones-solvers-bicgstab,0,304457,0,3
1712814116.1975691,c12b054e-5cf4-4d5d-8789-308ace0b6da5,pubProgress,216ce340-f7c6-11ee-8001-bc97e1c4cb10,ones-solvers-bicgstab,0,304457,0,3
1712814116.3399527,c3ee37a8-bee5-44a2-a924-4fc8cde552c7,pubProgress,216ce340-f7c6-11ee-8001-bc97e1c4cb10,ones-solvers-bicgstab,0,304457,0,3
1712814116.4913328,4d386391-c0cd-4988-934f-67cb86c7cbd4,pubProgress,216ce340-f7c6-11ee-8001-bc97e1c4cb10,ones-solvers-bicgstab,0,304457,0,3
1712814116.5942872,c58789c9-2ab7-4bae-8bd8-0528564b618b,pubProgress,216ce340-f7c6-11ee-8001-bc97e1c4cb10,ones-solvers-bicgstab,0,304457,0,2
1712814116.6966786,549d7330-8a3a-4d0f-8bfa-0411bf98e577,pubProgress,216ce340-f7c6-11ee-8001-bc97e1c4cb10,ones-solvers-bicgstab,0,304457,0,2
1712814116.7980642,cdb9f182-787c-4680-a140-f478a9222fa5,pubProgress,216ce340-f7c6-11ee-8001-bc97e1c4cb10,ones-solvers-bicgstab,0,304457,0,2
1712814116.8993664,56d615ed-aa97-434b-b792-3acff3905c61,pubProgress,216ce340-f7c6-11ee-8001-bc97e1c4cb10,ones-solvers-bicgstab,0,304457,0,2
1712814117.0015,db006994-9ea6-4fbd-877e-ecff963c134a,pubProgress,216ce340-f7c6-11ee-8001-bc97e1c4cb10,ones-solvers-bicgstab,0,304457,0,2
1712814117.1033633,ffc1b5d0-885e-46ac-a35c-cc9062788311,pubProgress,216ce340-f7c6-11ee-8001-bc97e1c4cb10,ones-solvers-bicgstab,0,304457,0,2
1712814117.2054002,14e5aa77-3e5e-44b8-b615-0dfc33878a9a,pubProgress,216ce340-f7c6-11ee-8001-bc97e1c4cb10,ones-solvers-bicgstab,0,304457,0,2
1712814117.3081,99c7dd98-61c5-45dc-9906-02d9cdcf2ad8,pubProgress,216ce340-f7c6-11ee-8001-bc97e1c4cb10,ones-solvers-bicgstab,0,304457,0,2
1712814117.4110932,5de01411-5f86-4423-976f-9c600e16992f,pubProgress,216ce340-f7c6-11ee-8001-bc97e1c4cb10,ones-solvers-bicgstab,0,304457,0,2
1712814117.5144768,9c9e2166-978a-4318-8da3-b32f31b9b7d0,pubProgress,216ce340-f7c6-11ee-8001-bc97e1c4cb10,ones-solvers-bicgstab,0,304457,0,2
1712814117.6185362,d61d0dfd-40b2-4499-87ce-0bb92910230c,pubProgress,216ce340-f7c6-11ee-8001-bc97e1c4cb10,ones-solvers-bicgstab,0,304457,0,2
1712814117.7221782,51ee4eb6-c791-4499-8e3b-617f7f0c4ff5,pubProgress,216ce340-f7c6-11ee-8001-bc97e1c4cb10,ones-solvers-bicgstab,0,304457,0,2
1712814117.8259683,f225e0b7-d4a4-4e40-9d98-ac68a8dbdabc,pubProgress,216ce340-f7c6-11ee-8001-bc97e1c4cb10,ones-solvers-bicgstab,0,304457,0,2
1712814117.929805,661232ef-09ec-40cd-9216-eace46824d4e,pubProgress,216ce340-f7c6-11ee-8001-bc97e1c4cb10,ones-solvers-bicgstab,0,304457,0,2
1712814118.0312705,15f10dcd-6b68-47fe-b7c9-1993c5352aef,pubProgress,216ce340-f7c6-11ee-8001-bc97e1c4cb10,ones-solvers-bicgstab,0,304457,0,2
1712814118.1354969,c7331c78-b9c1-4143-862a-f65c701a8dcf,pubProgress,216ce340-f7c6-11ee-8001-bc97e1c4cb10,ones-solvers-bicgstab,0,304457,0,2
1712814118.2394075,fcfe8409-e9af-40ad-8c99-47cc6dd78229,pubProgress,216ce340-f7c6-11ee-8001-bc97e1c4cb10,ones-solvers-bicgstab,0,304457,0,2
1712814118.343826,a26610b8-bf22-4d3a-9dee-5538577ae4d0,pubProgress,216ce340-f7c6-11ee-8001-bc97e1c4cb10,ones-solvers-bicgstab,0,304457,0,2
1712814118.4477155,26a3a0b7-b5b7-47f1-ae66-7fe0f444b72a,pubProgress,216ce340-f7c6-11ee-8001-bc97e1c4cb10,ones-solvers-bicgstab,0,304457,0,2
1712814118.5509949,2d60892f-2e8a-4f5d-a275-6900f28a2ee0,pubProgress,216ce340-f7c6-11ee-8001-bc97e1c4cb10,ones-solvers-bicgstab,0,304457,0,2
1712814118.6548417,c8972b44-de9b-4423-b214-b9fe04e07a90,pubProgress,216ce340-f7c6-11ee-8001-bc97e1c4cb10,ones-solvers-bicgstab,0,304457,0,2
1712814118.7554414,9a24100b-1fee-4bc4-8d3c-3cf504b2b7b1,pubProgress,216ce340-f7c6-11ee-8001-bc97e1c4cb10,ones-solvers-bicgstab,0,304457,0,2
1712814118.8569388,ea3672b5-0230-4c43-939e-1d1cd8ba33c8,pubProgress,216ce340-f7c6-11ee-8001-bc97e1c4cb10,ones-solvers-bicgstab,0,304457,0,2
1712814118.9585755,dad5e64e-2140-4e13-ae16-de7d617babec,pubProgress,216ce340-f7c6-11ee-8001-bc97e1c4cb10,ones-solvers-bicgstab,0,304457,0,2
1712814119.0606894,072ecf4c-f942-4e74-8929-2c71470e13d0,pubProgress,216ce340-f7c6-11ee-8001-bc97e1c4cb10,ones-solvers-bicgstab,0,304457,0,2
1712814119.162436,ceb4f780-3327-4814-856f-19003d5c5ca6,pubProgress,216ce340-f7c6-11ee-8001-bc97e1c4cb10,ones-solvers-bicgstab,0,304457,0,2
1712814119.263807,b751a2f9-a6e3-40a8-8319-36269dc3c531,pubProgress,216ce340-f7c6-11ee-8001-bc97e1c4cb10,ones-solvers-bicgstab,0,304457,0,2
1712814119.365091,6dbb9913-142d-4979-80e2-7e71f9f57945,pubProgress,216ce340-f7c6-11ee-8001-bc97e1c4cb10,ones-solvers-bicgstab,0,304457,0,2
1712814119.4664235,54a6410c-46c4-45f4-93ed-b9a7d7f73638,pubProgress,216ce340-f7c6-11ee-8001-bc97e1c4cb10,ones-solvers-bicgstab,0,304457,0,2
1712814119.567571,fc8fb923-5de2-4ab0-bf54-5cab20c2ac10,pubProgress,216ce340-f7c6-11ee-8001-bc97e1c4cb10,ones-solvers-bicgstab,0,304457,0,2
1712814119.6698203,0331938f-135c-46f5-a6da-8259a2a17078,pubProgress,216ce340-f7c6-11ee-8001-bc97e1c4cb10,ones-solvers-bicgstab,0,304457,0,2
1712814119.771743,ccd01800-cbd3-4a6d-8fff-f5ea1d93cfdc,pubProgress,216ce340-f7c6-11ee-8001-bc97e1c4cb10,ones-solvers-bicgstab,0,304457,0,2
1712814119.8741443,fc466c91-3db4-4781-8ec3-89a0938466c2,pubProgress,216ce340-f7c6-11ee-8001-bc97e1c4cb10,ones-solvers-bicgstab,0,304457,0,2
1712814119.9761014,6361db08-8acb-4bd4-973e-183dd7943b48,pubProgress,216ce340-f7c6-11ee-8001-bc97e1c4cb10,ones-solvers-bicgstab,0,304457,0,2
1712814120.0772808,e9f262be-42ff-4351-ac4a-410fb8809444,pubProgress,216ce340-f7c6-11ee-8001-bc97e1c4cb10,ones-solvers-bicgstab,0,304457,0,2
1712814120.1787117,d0189b91-d703-4c05-8c3b-367ef98d1679,pubProgress,216ce340-f7c6-11ee-8001-bc97e1c4cb10,ones-solvers-bicgstab,0,304457,0,2
1712814120.2806551,e2f8d65d-7dc9-4c35-be9d-fae587decfe6,pubProgress,216ce340-f7c6-11ee-8001-bc97e1c4cb10,ones-solvers-bicgstab,0,304457,0,2
1712814120.3834705,7eef2066-189e-4193-a0fc-c4f1de8c354a,pubProgress,216ce340-f7c6-11ee-8001-bc97e1c4cb10,ones-solvers-bicgstab,0,304457,0,2
1712814120.4853334,cf73af66-e8b5-4483-9e5b-2d345f2eca90,pubProgress,216ce340-f7c6-11ee-8001-bc97e1c4cb10,ones-solvers-bicgstab,0,304457,0,2
1712814120.5888414,4a073634-f8d3-411c-be22-435a029d4d17,pubProgress,216ce340-f7c6-11ee-8001-bc97e1c4cb10,ones-solvers-bicgstab,0,304457,0,2
1712814120.690296,58b21481-4918-462f-bd35-c90020bfb15c,pubProgress,216ce340-f7c6-11ee-8001-bc97e1c4cb10,ones-solvers-bicgstab,0,304457,0,2
1712814120.8359756,7a14093e-e7d0-4d52-bc4c-1925ef9d0c47,pubProgress,216ce340-f7c6-11ee-8001-bc97e1c4cb10,ones-solvers-bicgstab,0,304457,0,2
1712814121.0307186,dd5fcf5e-d56a-4971-9151-35e50af67a08,pubProgress,216ce340-f7c6-11ee-8001-bc97e1c4cb10,ones-solvers-bicgstab,0,304457,0,2
1712814121.2279208,5a8d4a87-acb4-49c1-ba85-e4b7287d9358,pubProgress,216ce340-f7c6-11ee-8001-bc97e1c4cb10,ones-solvers-bicgstab,0,304457,0,2
1712814121.4221401,0568468d-d1eb-44a3-8c89-c04947d05c26,pubProgress,216ce340-f7c6-11ee-8001-bc97e1c4cb10,ones-solvers-bicgstab,0,304457,0,2
1712814121.6169662,922e16c8-ce1b-4260-be76-b86d78efa65c,pubProgress,216ce340-f7c6-11ee-8001-bc97e1c4cb10,ones-solvers-bicgstab,0,304457,0,2
1712814121.8102286,16fd563c-0083-4c8b-97d8-6b4ee1b29324,pubProgress,216ce340-f7c6-11ee-8001-bc97e1c4cb10,ones-solvers-bicgstab,0,304457,0,2
1712814122.003794,5a2b4094-8696-4f61-a3ec-3a09c141a8d6,pubProgress,216ce340-f7c6-11ee-8001-bc97e1c4cb10,ones-solvers-bicgstab,0,304457,0,2
1712814122.1994433,83e29284-c3e6-4a15-9dfd-21987d1aa946,pubProgress,216ce340-f7c6-11ee-8001-bc97e1c4cb10,ones-solvers-bicgstab,0,304457,0,2
1712814122.3928425,087072a7-16a8-4f79-a3b5-2e1865c3ddf3,pubProgress,216ce340-f7c6-11ee-8001-bc97e1c4cb10,ones-solvers-bicgstab,0,304457,0,2
1712814122.586394,17e99595-fe34-4b23-9138-107b6e213a52,pubProgress,216ce340-f7c6-11ee-8001-bc97e1c4cb10,ones-solvers-bicgstab,0,304457,0,2
1712814122.7810242,d0a97ad6-5077-4240-a643-138d5c114025,pubProgress,216ce340-f7c6-11ee-8001-bc97e1c4cb10,ones-solvers-bicgstab,0,304457,0,2
1712814122.9734952,cb323889-2c2c-4358-9987-162c53c5ec14,pubProgress,216ce340-f7c6-11ee-8001-bc97e1c4cb10,ones-solvers-bicgstab,0,304457,0,2
1712814123.1696002,1c9c0fd0-3bf6-4115-ba5b-dfd183a608f1,pubProgress,216ce340-f7c6-11ee-8001-bc97e1c4cb10,ones-solvers-bicgstab,0,304457,0,2
1712814123.3781097,3a91dbed-5541-4bbf-9b1e-482424d66bb6,pubProgress,216ce340-f7c6-11ee-8001-bc97e1c4cb10,ones-solvers-bicgstab,0,304457,0,2
1712814123.5895774,aec59108-5acf-4531-900d-ad5ea6f04f44,pubProgress,216ce340-f7c6-11ee-8001-bc97e1c4cb10,ones-solvers-bicgstab,0,304457,0,1
1712814123.7084663,58981d50-6c58-444a-8a1f-f7e3a03befe4,pubProgress,216ce340-f7c6-11ee-8001-bc97e1c4cb10,ones-solvers-bicgstab,0,304457,0,1
1712814123.91896,48b07236-f8c5-4731-8e1a-6b3fa356af30,pubProgress,216ce340-f7c6-11ee-8001-bc97e1c4cb10,ones-solvers-bicgstab,0,304457,0,2
1712814124.1285608,a490f4a9-b2f2-476d-ac3a-d912ef2f4e61,pubProgress,216ce340-f7c6-11ee-8001-bc97e1c4cb10,ones-solvers-bicgstab,0,304457,0,2
1712814124.4580662,ea9ea780-7122-40cc-a0d4-f37de011b2c8,pubProgress,216ce340-f7c6-11ee-8001-bc97e1c4cb10,ones-solvers-bicgstab,0,304457,0,1
1712814124.6960986,658cd711-8cdb-43dd-85ae-bf689b55cd03,pubProgress,216ce340-f7c6-11ee-8001-bc97e1c4cb10,ones-solvers-bicgstab,0,304457,0,1
1712814124.798159,f8ca5484-c368-4355-8564-4da99eb20fdb,pubProgress,216ce340-f7c6-11ee-8001-bc97e1c4cb10,ones-solvers-bicgstab,0,304457,0,1
1712814124.995613,943ebf39-f430-45e3-81a6-f915f2b919a1,pubProgress,216ce340-f7c6-11ee-8001-bc97e1c4cb10,ones-solvers-bicgstab,0,304457,0,2
1712814125.2697778,98f66ceb-d08f-4b11-90ba-346cbea7522b,pubProgress,216ce340-f7c6-11ee-8001-bc97e1c4cb10,ones-solvers-bicgstab,0,304457,0,2
1712814125.3847568,2b681731-3bf5-4deb-8bf3-fd462495ab51,pubProgress,216ce340-f7c6-11ee-8001-bc97e1c4cb10,ones-solvers-bicgstab,0,304457,0,1
1712814125.5653603,290ff633-bbef-40c6-8534-87ae3fea9551,pubProgress,216ce340-f7c6-11ee-8001-bc97e1c4cb10,ones-solvers-bicgstab,0,304457,0,1
1712814125.7444873,43bf51b1-d583-4cdf-ab29-291a0f0eb0f0,pubProgress,216ce340-f7c6-11ee-8001-bc97e1c4cb10,ones-solvers-bicgstab,0,304457,0,2
1712814125.899023,19ac3e29-72e3-4d81-9a77-cf7669af5b28,pubProgress,216ce340-f7c6-11ee-8001-bc97e1c4cb10,ones-solvers-bicgstab,0,304457,0,2
1712814126.006375,cf6f0665-467f-40d2-b522-537c3777781e,pubProgress,216ce340-f7c6-11ee-8001-bc97e1c4cb10,ones-solvers-bicgstab,0,304457,0,2
1712814126.1135945,6b0ebb35-bc17-43cd-b69e-7797494dd0d1,pubProgress,216ce340-f7c6-11ee-8001-bc97e1c4cb10,ones-solvers-bicgstab,0,304457,0,2
1712814126.2209847,1bb41b5b-4124-403d-afa2-75773f563dc3,pubProgress,216ce340-f7c6-11ee-8001-bc97e1c4cb10,ones-solvers-bicgstab,0,304457,0,2
1712814126.3282359,86388d4f-ec9f-45c4-8631-697ee2c3c263,pubProgress,216ce340-f7c6-11ee-8001-bc97e1c4cb10,ones-solvers-bicgstab,0,304457,0,2
1712814126.4355505,de7499a4-9f01-481f-b1e1-086ff4fa01cc,pubProgress,216ce340-f7c6-11ee-8001-bc97e1c4cb10,ones-solvers-bicgstab,0,304457,0,2
1712814126.5429056,f3da3736-0ed7-4c7e-9c10-3b91921c39e7,pubProgress,216ce340-f7c6-11ee-8001-bc97e1c4cb10,ones-solvers-bicgstab,0,304457,0,2
1712814126.6500754,bad70569-c0f5-47dd-8c70-3415ec99a5e5,pubProgress,216ce340-f7c6-11ee-8001-bc97e1c4cb10,ones-solvers-bicgstab,0,304457,0,2
1712814126.7574208,0e7c1122-ebbb-4f64-b984-93990b196f82,pubProgress,216ce340-f7c6-11ee-8001-bc97e1c4cb10,ones-solvers-bicgstab,0,304457,0,2
1712814126.8646536,b52c5799-51a6-45af-a38d-51a31d622b89,pubProgress,216ce340-f7c6-11ee-8001-bc97e1c4cb10,ones-solvers-bicgstab,0,304457,0,2
1712814126.9718854,2c0d490e-5674-4858-86bd-26bc3e726651,pubProgress,216ce340-f7c6-11ee-8001-bc97e1c4cb10,ones-solvers-bicgstab,0,304457,0,2
1712814127.0790882,c3963db7-1a9e-498e-b83e-a1bbe3b44a1a,pubProgress,216ce340-f7c6-11ee-8001-bc97e1c4cb10,ones-solvers-bicgstab,0,304457,0,2
1712814127.1863534,9658837e-61f7-43e1-9705-abd5b2b30499,pubProgress,216ce340-f7c6-11ee-8001-bc97e1c4cb10,ones-solvers-bicgstab,0,304457,0,2
1712814127.2935827,18951924-a694-455f-bb7c-226b48f100cb,pubProgress,216ce340-f7c6-11ee-8001-bc97e1c4cb10,ones-solvers-bicgstab,0,304457,0,2
1712814127.4007888,4c927a18-a3ee-4825-98c2-93426f43a056,pubProgress,216ce340-f7c6-11ee-8001-bc97e1c4cb10,ones-solvers-bicgstab,0,304457,0,2
1712814127.4817526,2b839b89-d7b2-4086-91d7-c0835ce19282,pubProgress,216ce340-f7c6-11ee-8001-bc97e1c4cb10,ones-solvers-bicgstab,0,304457,0,1
